"Paper_number","Paper_ID","Synthesis_type","Title","Author","N_Studies","N_Pairwise_comparisons","Year_range","Language_range","Country_range","Latitude","Longitude","Biome","Model","Commodity","Crop","magpie_class","Kingdom","Phylum","Class","Order","Family","Genus_Species","Functional_group","Comparison_.control.vs.ps2.","Control","Landuse","agricultural_system","Practice","Practice_detail","Crop.1","Cover_crop","Bt_type","biodiversity_metric_category","Biodiversity_measure","ID","Effect_size","Sample_size","Percentage_change","p.value","SD","SE","Lower_CI","Upper_CI","Extracted_from","Reference","CA_score","Comments","Weight","Treatment"
20,"Roy.S","Review","Soil Arthropods in Maintaining Soil Health: Thrust Areas for Sugarcane Production Systems","S. Roy; M. M. Roy; A. K. Jaiswal; A. Baitha",6,"NA",NA,NA,NA,NA,NA,NA,NA,"Sugar","Sugarcane","Sugar Crops","Animal","Arthropoda","Insecta","Blatodea",NA,NA,NA,"Burning","Conservation","Cropland","traditional","Burning","Burning","Sugarcane",NA,NA,"diversity","Diversity",262,"Percentage_change",1,100,NA,NA,NA,NA,NA,"Page_7","Srikanth et al. 1997; Sajjad et al. 2012",NA,NA,1,"Conservation"
24,"Fitzherbert.E","Review","How will oil palm expansion affect
biodiversity?","Emily B. Fitzherbert1,2, Matthew J. Struebig3, Alexandra Morel4, Finn Danielsen5,
Carsten A. Bru¨ hl6, Paul F. Donald7 and Ben Phalan",11,"NA",NA,NA,NA,NA,NA,NA,NA,"Oils_fats","Oil_palm","Oil crops","Animal","Arthropoda","Malacostraca","Isopoda",NA,NA,NA,"Conventional.vs.Disturbed_forest","conventional","Cropland","Disturbed_forest","Conventional","Conventional","Oil_Palm",NA,NA,"diversity","Relative_species_richness",303,"Percentage_change",1,162.5,NA,NA,NA,NA,NA,"Fig_2","Hassall, M. et al. (2006)",NA,NA,1,"Conventional"
39,"Morales.M","Review","Effect of winter cover crops on the soil microbiome: a systematic literature review","M. E. Morales; G. A. Iocoli; M. B. Villamil; M. C. Zabaloy",22,"NA",NA,"English_Spanish","Argentina_Australia_Brasil_Spain_South.Africa",".",NA,NA,NA,"Oils_fats","Sunflower","Oil crops","Bacteria",NA,NA,NA,NA,NA,NA,"Rotation.vs.Fallow","Fallow","Cropland","mixed","Rotation","Rotation","Sunflower","Maize",NA,"Enzymatic_activity","Enzymatic_activity",62,"Percentage_change",1,200,NA,NA,NA,NA,NA,"Results",NA,NA,NA,1,"Fallow"
99,"Mandal.A","Review","Impact of genetically modified crops on rhizosphere microorganisms and processes: A review focusing on Bt cotton","A. Mandal; B. Sarkar; G. Owens; J. K. Thakur; M. C. Manna; N. K. Niazi; S. Jayaraman; A. K. Patra",26,"NA",NA,NA,NA,NA,NA,NA,NA,"Oils_fats","Cotton","Oil crops","Bacteria",NA,NA,NA,NA,NA,NA,"Bt.vs.Non_Bt","Transgenic","Cropland","Non_Bt","Bt","Bt","Bt_Cotton",NA,NA,"Enzymatic_activity","dehydrogenase activity",347,"Percentage_change",1,107.5,NA,NA,NA,NA,NA,"Page_7","Rui et al. (2005)",NA,NA,1,"Non_Bt"
39,"Morales.M","Review","Effect of winter cover crops on the soil microbiome: a systematic literature review","M. E. Morales; G. A. Iocoli; M. B. Villamil; M. C. Zabaloy",22,"NA",NA,"English_Spanish","Argentina_Australia_Brasil_Spain_South.Africa",".",NA,NA,NA,"Cereals_grains","Maize","Cereals","Bacteria",NA,NA,NA,NA,NA,NA,"Rotation.vs.Fallow","Fallow","Cropland","mixed","Rotation","Rotation","Maize","Vetch",NA,"biomass","Biomass",118,"Percentage_change",1,100,NA,NA,NA,NA,NA,"Results",NA,NA,NA,1,"Mixed"
52,"Tang.K","Review","Sustainability of oil palm plantations in Malaysia","K. H. D. Tang; H. M. S. Al Qahtani",9,"NA","2000-2019",NA,NA,NA,NA,NA,NA,"Oils_fats","Oil_palm","Oil crops","Animal","Arthropoda","Insecta",NA,NA,NA,NA,"Conventional.vs.Logged_forest","conventional","Cropland","Logged_forest","Conventional","Conventional","Oil_Palm",NA,NA,"diversity","Species_richness",328,"Percentage_change",1,179,NA,NA,NA,NA,NA,"Page_6","Koh and Wilcove 2008",NA,NA,1,"Conventional"
3,"Verret.V","Meta-Analysis","Can legume companion plants control weeds without decreasing crop yield? A meta-analysis","V. Verret; A. Gardarin; E. Pelzer; S. Mediene; D. Makowski; M. Valantin-Morison",34,"476","1984-2015",NA,"Argentina_Austria_Canada_Denmark_East.Timor_Estonia_France_Germany_Iran_Italy_Japan_Lithuania_Mexico_Nigeria_Norway_Sweeden_USA",".",".",".","Fixed_effects","Cereals_grains","Maize","Cereals","Plantae","Weed",NA,NA,NA,NA,NA,"Conventional_NonWeeded.vs.Cover_crop","Conventional_NonWeeded","Cropland","Conservation","Cover_crop","Cover_crop","Maize","No",NA,"biomass","Biomass_ratio",30,"LRR",34,NA,NA,NA,0.080771095,NA,NA,"Fig.4_a","Verret.V_Fig.4_a.PNG",NA,NA,34,"Conservation"
9,"Gatehouse.A","Review","Insect-resistant biotech crops and their impacts on beneficial arthropods","A. M. R. Gatehouse; N. Ferry; M. G. Edwards; H. A. Bell",32,"NA",NA,NA,NA,NA,NA,NA,NA,"Roots_tubers","Potato","Other annual crops","Animal","Arthropoda","Arachnida","Araneae",NA,NA,"Predators","Bt","Conventional","Cropland","Transgenic","Bt","Bt","Bt_Potato",NA,"Cry3Aa","diversity","Abundance",238,"Percentage_change",1,100,NA,NA,NA,NA,NA,"Table_2","Duan et al. [94]",NA,NA,1,"Conventional"
9,"Gatehouse.A","Review","Insect-resistant biotech crops and their impacts on beneficial arthropods","A. M. R. Gatehouse; N. Ferry; M. G. Edwards; H. A. Bell",32,"NA",NA,NA,NA,NA,NA,NA,NA,"Oils_fats","Rape_seed","Oil crops","Animal","Arthropoda","Insecta","Hymenoptera","Braconidae","Diaeretiella rapae","Parasitoids","GM","Conventional","Cropland","Transgenic","GM","GM","GM_Oilseed_rape",NA,"OC1","efficiency","Emergence",218,"Percentage_change",1,100,NA,NA,NA,NA,NA,"Table_1","Schuler et al. [65]",NA,NA,1,"Transgenic"
3,"Verret.V","Meta-Analysis","Can legume companion plants control weeds without decreasing crop yield? A meta-analysis","V. Verret; A. Gardarin; E. Pelzer; S. Mediene; D. Makowski; M. Valantin-Morison",34,"476","1984-2015",NA,"Argentina_Austria_Canada_Denmark_East.Timor_Estonia_France_Germany_Iran_Italy_Japan_Lithuania_Mexico_Nigeria_Norway_Sweeden_USA",".",".",".","Fixed_effects","Cereals_grains","Straw_cereals","Cereals","Plantae","Weed",NA,NA,NA,NA,NA,"Conventional_NonWeeded.vs.Cover_crop","Conventional_NonWeeded","Cropland","Conservation","Cover_crop","Cover_crop","Straw","Synchronised_sowing",NA,"biomass","Biomass_ratio",32,"LRR",34,NA,NA,NA,0.127887567,NA,NA,"Fig.4_a","Verret.V_Fig.4_a.PNG",NA,NA,34,"Conventional"
9,"Gatehouse.A","Review","Insect-resistant biotech crops and their impacts on beneficial arthropods","A. M. R. Gatehouse; N. Ferry; M. G. Edwards; H. A. Bell",32,"NA",NA,NA,NA,NA,NA,NA,NA,"Roots_tubers","Potato","Other annual crops","Animal","Arthropoda","Insecta","Coleoptera","Carabidae","Nebria brevicollis",NA,"Conventional.vs.GM","Conventional","Cropland","Transgenic","Bt","Bt","Bt_Potato",NA,"Bt","unclassified","biomass",202,"Percentage_change",1,100,NA,NA,NA,NA,NA,"Page_9","Ferry, N., Mulligan, E. A., Majerus, M. E. N. & Gatehouse,
A. M. R. 2007 Bitrophic and tritrophic effects of
Bt Cry3A transgenic potato on beneficial, non-target,
beetles. Transgenic Res. 16, 795–812. (doi:10.1007/
s11248-007-9088-9)",NA,NA,1,"Transgenic"
99,"Mandal.A","Review","Impact of genetically modified crops on rhizosphere microorganisms and processes: A review focusing on Bt cotton","A. Mandal; B. Sarkar; G. Owens; J. K. Thakur; M. C. Manna; N. K. Niazi; S. Jayaraman; A. K. Patra",26,"NA",NA,NA,NA,NA,NA,NA,NA,"Oils_fats","Cotton","Oil crops","Bacteria",NA,NA,NA,NA,NA,NA,"Bt.vs.Non_Bt","Transgenic","Cropland","Non_Bt","Bt","Bt","Bt_Cotton",NA,NA,"Enzymatic_activity","Enzymatic_activity_respiration",345,"Percentage_change",1,117,NA,NA,NA,NA,NA,"Page_7","Mina et al. (2011)",NA,NA,1,"Non_Bt"
95,"Hou.J","Review","The sustainability of rice-crayfish coculture systems: a mini review of evidence from Jianghan plain in China","J. Hou; D. Styles; Y. X. Cao; X. X. Ye",8,"NA","2012-2016","Chinese","China","35.00007","104.99993",".",NA,"Cereals_grains","Rice","Cereals","Animal","Arthropoda","Insecta","Lepidoptera","Carambidae","Chilo suppressalis","Pest","Coculture.vs.Monoculture","Monoculture","Cropland","coculture","Monoculture","Monoculture","Rice",NA,NA,"survival","Mortality",138,"Percentage_change",1,120,NA,NA,NA,NA,NA,"Page_9",NA,NA,NA,1,"Conventional"
20,"Roy.S","Review","Soil Arthropods in Maintaining Soil Health: Thrust Areas for Sugarcane Production Systems","S. Roy; M. M. Roy; A. K. Jaiswal; A. Baitha",6,"NA",NA,NA,NA,NA,NA,NA,NA,"Sugar","Sugarcane","Sugar Crops","Animal","Arthropoda","Collembola",NA,NA,NA,NA,"low.vs.high_intensity","Low_intensity","Cropland","Conventional","High_intensity","High_intensity","Sugarcane",NA,NA,"diversity","Abundance",254,"Percentage_change",1,100,NA,NA,NA,NA,NA,"Page_5","Ponge et al. (2013)",NA,NA,1,"Conventional"
99,"Mandal.A","Review","Impact of genetically modified crops on rhizosphere microorganisms and processes: A review focusing on Bt cotton","A. Mandal; B. Sarkar; G. Owens; J. K. Thakur; M. C. Manna; N. K. Niazi; S. Jayaraman; A. K. Patra",26,"NA",NA,NA,NA,NA,NA,NA,NA,"Oils_fats","Cotton","Oil crops","Microbes",NA,NA,NA,NA,NA,NA,"Bt.vs.Non_Bt","Non_Bt","Cropland","Transgenic","Bt","Bt","Bt_Cotton",NA,NA,"diversity","Diversity",183,"Percentage_change",1,100,NA,NA,NA,NA,NA,"Table_5","Tarafdar et al. (2012)",NA,NA,1,"Non_Bt"
39,"Morales.M","Review","Effect of winter cover crops on the soil microbiome: a systematic literature review","M. E. Morales; G. A. Iocoli; M. B. Villamil; M. C. Zabaloy",22,"NA",NA,"English_Spanish","Argentina_Australia_Brasil_Spain_South.Africa",".",NA,NA,NA,"Cereals_grains","Maize","Cereals","Fungi",NA,NA,NA,NA,NA,NA,"Rotation.vs.Fallow","Fallow","Cropland","mixed","Rotation","Rotation","Maize","Oat_Turnip_Vetch",NA,"diversity","Abundance",74,"Percentage_change",1,100,NA,NA,NA,NA,NA,"Results",NA,NA,NA,1,"Mixed"
3,"Verret.V","Meta-Analysis","Can legume companion plants control weeds without decreasing crop yield? A meta-analysis","V. Verret; A. Gardarin; E. Pelzer; S. Mediene; D. Makowski; M. Valantin-Morison",34,"476","1984-2015",NA,"Argentina_Austria_Canada_Denmark_East.Timor_Estonia_France_Germany_Iran_Italy_Japan_Lithuania_Mexico_Nigeria_Norway_Sweeden_USA",".",".",".","Fixed_effects","Cereals_grains","Maize","Cereals","Plantae","Weed",NA,NA,NA,NA,NA,"Conventional_NonWeeded.vs.Cover_crop","Conventional_NonWeeded","Cropland","Conservation","Cover_crop","Cover_crop","Maize","No",NA,"biomass","Biomass_ratio",30,"LRR",34,NA,NA,NA,0.080771095,NA,NA,"Fig.4_a","Verret.V_Fig.4_a.PNG",NA,NA,34,"Conventional"
99,"Mandal.A","Review","Impact of genetically modified crops on rhizosphere microorganisms and processes: A review focusing on Bt cotton","A. Mandal; B. Sarkar; G. Owens; J. K. Thakur; M. C. Manna; N. K. Niazi; S. Jayaraman; A. K. Patra",26,"NA",NA,NA,NA,NA,NA,NA,NA,"Oils_fats","Rape_seed","Oil crops","Microbes",NA,NA,NA,NA,NA,NA,"Bt.vs.Non_Bt","Non_Bt","Cropland","Transgenic","Bt","Bt","Bt_oilseed_Rape",NA,NA,"diversity","Community_composition",150,"Percentage_change",1,100,NA,NA,NA,NA,NA,"Page_5","Baumgarte and Tebbe, 2005; Griffiths et al., 2006).",NA,NA,1,"Non_Bt"
24,"Fitzherbert.E","Review","How will oil palm expansion affect
biodiversity?","Emily B. Fitzherbert1,2, Matthew J. Struebig3, Alexandra Morel4, Finn Danielsen5,
Carsten A. Bru¨ hl6, Paul F. Donald7 and Ben Phalan",11,"NA",NA,NA,NA,NA,NA,NA,NA,"Oils_fats","Oil_palm","Oil crops","Animal","Arthropoda","Insecta","Coleoptera",NA,NA,NA,"Conventional.vs.Disturbed_forest","conventional","Cropland","Disturbed_forest","Conventional","Conventional","Oil_Palm",NA,NA,"diversity","Relative_species_richness",300,"Percentage_change",1,120.4545455,NA,NA,NA,NA,NA,"Fig_2","Davis, A.L.V. and Philips, T.K. (2005)",NA,NA,1,"Disturbed_forest"
24,"Fitzherbert.E","Review","How will oil palm expansion affect
biodiversity?","Emily B. Fitzherbert1,2, Matthew J. Struebig3, Alexandra Morel4, Finn Danielsen5,
Carsten A. Bru¨ hl6, Paul F. Donald7 and Ben Phalan",11,"NA",NA,NA,NA,NA,NA,NA,NA,"Oils_fats","Oil_palm","Oil crops","Animal","Chordata","Mammalia","Chiroptera",NA,NA,NA,"Conventional.vs.Primary_vegetation","conventional","Cropland","Primary_vegetation","Conventional","Conventional","Oil_Palm",NA,NA,"diversity","Relative_species_richness",286,"Percentage_change",1,187.3179701,NA,NA,NA,NA,NA,"Fig_2","Danielsen, F. and Heegaard, M. (1995)",NA,NA,1,"Conventional"
9,"Gatehouse.A","Review","Insect-resistant biotech crops and their impacts on beneficial arthropods","A. M. R. Gatehouse; N. Ferry; M. G. Edwards; H. A. Bell",32,"NA",NA,NA,NA,NA,NA,NA,NA,"Roots_tubers","Potato","Other annual crops","Animal","Arthropoda","Insecta","Coleoptera","Carabidae","Nebria brevicollis",NA,"Conventional.vs.GM","Conventional","Cropland","Transgenic","Bt","Bt","Bt_Potato",NA,"Bt","survival","Survival",201,"Percentage_change",1,100,NA,NA,NA,NA,NA,"Page_9","Ferry, N., Mulligan, E. A., Majerus, M. E. N. & Gatehouse,
A. M. R. 2007 Bitrophic and tritrophic effects of
Bt Cry3A transgenic potato on beneficial, non-target,
beetles. Transgenic Res. 16, 795–812. (doi:10.1007/
s11248-007-9088-9)",NA,NA,1,"Conventional"
39,"Morales.M","Review","Effect of winter cover crops on the soil microbiome: a systematic literature review","M. E. Morales; G. A. Iocoli; M. B. Villamil; M. C. Zabaloy",22,"NA",NA,"English_Spanish","Argentina_Australia_Brasil_Spain_South.Africa",".",NA,NA,NA,"Cereals_grains","Sorghum","Cereals","Bacteria",NA,NA,NA,NA,NA,NA,"Rotation.vs.Fallow","Fallow","Cropland","mixed","Rotation","Rotation","Sorghum","Rye",NA,"Enzymatic_activity","Enzymatic_activity",97,"Percentage_change",1,100,NA,NA,NA,NA,NA,"Results",NA,NA,NA,1,"Mixed"
99,"Mandal.A","Review","Impact of genetically modified crops on rhizosphere microorganisms and processes: A review focusing on Bt cotton","A. Mandal; B. Sarkar; G. Owens; J. K. Thakur; M. C. Manna; N. K. Niazi; S. Jayaraman; A. K. Patra",26,"NA",NA,NA,NA,NA,NA,NA,NA,"Oils_fats","Cotton","Oil crops","Bacteria",NA,NA,NA,NA,NA,NA,"Bt.vs.Non_Bt","Non_Bt","Cropland","Transgenic","Bt","Bt","Bt_Cotton",NA,NA,"diversity","Abundance",186,"Percentage_change",1,100,NA,NA,NA,NA,NA,"Table_5","Hu et al. (2013)",NA,NA,1,"Non_Bt"
46,"Bowles.T","Meta-Analysis","Ecological intensification and arbuscular mycorrhizas: a meta-analysis of tillage and cover crop effects","T. M. Bowles; L. E. Jackson; M. Loeher; T. R. Cavagnaro",30,"131",NA,NA,"America_Asia_Europa_Oceania",".",NA,NA,"Fixed_effects","Legumes","Legume","Other annual crops","Fungi","Mucoromycota","Glomeromycetes",NA,NA,NA,NA,"Rotation.vs.Monoculture","Monoculture","Cropland","mixed","Rotation","Rotation","Legume",NA,NA,"development","Mycorrhiza_hifa_length",124,"Percentage_change",30,142.9245283,NA,33.31760765,8.904505198,NA,NA,"Figure_3",NA,NA,NA,30,"Mixed"
9,"Gatehouse.A","Review","Insect-resistant biotech crops and their impacts on beneficial arthropods","A. M. R. Gatehouse; N. Ferry; M. G. Edwards; H. A. Bell",32,"NA",NA,NA,NA,NA,NA,NA,NA,"Roots_tubers","Potato","Other annual crops","Animal","Arthropoda","Insecta","Hymenoptera","Braconidae","Aphidius ervi","Parasitoids","GM","Conventional","Cropland","Transgenic","GM","GM","GM_Potato",NA,"OC1 IDD86","efficiency","Emergence",221,"Percentage_change",1,100,NA,NA,NA,NA,NA,"Table_1","Cowgill et al.",NA,NA,1,"Transgenic"
95,"Hou.J","Review","The sustainability of rice-crayfish coculture systems: a mini review of evidence from Jianghan plain in China","J. Hou; D. Styles; Y. X. Cao; X. X. Ye",8,"NA","2012-2016","Chinese","China","35.00007","104.99993",".",NA,"Cereals_grains","Rice","Cereals","Animal","Arthropoda","Insecta","Lepidoptera","Carambidae","Chilo suppressalis","Pest","Coculture.vs.Monoculture","Monoculture","Cropland","coculture","Crayfish_coculture","Crayfish_coculture","Rice",NA,NA,"survival","Mortality",137,"Percentage_change",1,200,NA,NA,NA,NA,NA,"Page_9",NA,NA,NA,1,"Conventional"
39,"Morales.M","Review","Effect of winter cover crops on the soil microbiome: a systematic literature review","M. E. Morales; G. A. Iocoli; M. B. Villamil; M. C. Zabaloy",22,"NA",NA,"English_Spanish","Argentina_Australia_Brasil_Spain_South.Africa",".",NA,NA,NA,"Oils_fats","Cotton","Oil crops","Mycorrhizal_fungi",NA,NA,NA,NA,NA,NA,"Rotation.vs.Fallow","Fallow","Cropland","mixed","Rotation","Rotation","Cotton","Rye",NA,"development","Mycorrhiza_hifa_length",68,"Percentage_change",1,140,NA,NA,NA,NA,NA,"Results",NA,NA,NA,1,"Fallow"
9,"Gatehouse.A","Review","Insect-resistant biotech crops and their impacts on beneficial arthropods","A. M. R. Gatehouse; N. Ferry; M. G. Edwards; H. A. Bell",32,"NA",NA,NA,NA,NA,NA,NA,NA,"Vegetable","Broccoli","Other annual crops","Animal","Arthropoda","Insecta","Hymenoptera","Ichneumonidae","Diadegma insulare","Parasitoids","Bt","Conventional","Cropland","Transgenic","Bt","Bt","Bt_Broccoli",NA,"Cry1Ac","unclassified","Effect",210,"Percentage_change",1,100,NA,NA,NA,NA,NA,"Table_1","Chen et al. [55]",NA,NA,1,"Transgenic"
97,"Hokkanen.M","Review","Developing ecostacking techniques for pollen beetle management in oilseed rape","H. M. T. Hokkanen; I. Menzler-Hokkanen",4,"NA",NA,NA,"Europe","4.56938","102.26568",".",NA,"Oils_fats","Rape_seed","Oil crops","Animal","Arthropoda","Insecta","Coleoptera","Nitidulidae","Brassicogethes 
aeneus",NA,"Biocontrol","Conventional","Cropland","ipm","Biocontrol","Entomopathogenic_fungi_spray","Rape_seed",NA,NA,"survival","Mortality",144,"Percentage_change",1,100,NA,NA,NA,NA,NA,"Page_4_5","Hokkanen
1993",NA,NA,1,"Conventional"
39,"Morales.M","Review","Effect of winter cover crops on the soil microbiome: a systematic literature review","M. E. Morales; G. A. Iocoli; M. B. Villamil; M. C. Zabaloy",22,"NA",NA,"English_Spanish","Argentina_Australia_Brasil_Spain_South.Africa",".",NA,NA,NA,"Cereals_grains","Maize","Cereals","Bacteria",NA,NA,NA,NA,NA,NA,"Rotation.vs.Fallow","Fallow","Cropland","mixed","Rotation","Rotation","Maize","Vetch",NA,"biomass","Biomass",118,"Percentage_change",1,100,NA,NA,NA,NA,NA,"Results",NA,NA,NA,1,"Fallow"
99,"Mandal.A","Review","Impact of genetically modified crops on rhizosphere microorganisms and processes: A review focusing on Bt cotton","A. Mandal; B. Sarkar; G. Owens; J. K. Thakur; M. C. Manna; N. K. Niazi; S. Jayaraman; A. K. Patra",26,"NA",NA,NA,NA,NA,NA,NA,NA,"Oils_fats","Cotton","Oil crops","Microbes","Rhyzosphere_microbes",NA,NA,NA,NA,NA,"Bt.vs.Non_Bt","Non_Bt","Cropland","Transgenic","Bt","Bt","Bt_Cotton",NA,NA,"biomass","microbial biomass phosphorus (MBP)",161,"Percentage_change",1,204,NA,NA,NA,NA,NA,"Page_6","(Sarkar et al., 2009).",NA,NA,1,"Non_Bt"
28,"Kropm.B","Review","Carabid beetles in sustainable agriculture: A review on pest control efficacy, cultivation impacts and enhancement","B. Kromp",8,"NA","1971-1983",NA,"Germany","51.06899285","10.19453204",NA,NA,"Cereals_grains","Wheat","Cereals","Animal","Arthropoda","Insecta","Coleoptera","Carabidae","Pterostichus melanarius",NA,"Sustainable.vs.Intensified","conventional","Cropland","Sustainable","Intensified","Intensified","Wheat",NA,NA,"diversity","Quadrat_density",307,"Percentage_change",1,175,NA,NA,NA,NA,NA,NA,"Basedow (1987)",NA,NA,1,"Conventional"
3,"Verret.V","Meta-Analysis","Can legume companion plants control weeds without decreasing crop yield? A meta-analysis","V. Verret; A. Gardarin; E. Pelzer; S. Mediene; D. Makowski; M. Valantin-Morison",34,"476","1984-2015",NA,"Argentina_Austria_Canada_Denmark_East.Timor_Estonia_France_Germany_Iran_Italy_Japan_Lithuania_Mexico_Nigeria_Norway_Sweeden_USA",".",".",".","Fixed_effects","Cereals_grains","Straw_cereals","Cereals","Plantae","Weed",NA,NA,NA,NA,NA,"Conventional_NonWeeded.vs.Cover_crop","Conventional_NonWeeded","Cropland","Conservation","Cover_crop","Cover_crop","Straw","No",NA,"diversity","Density_ratio",15,"LRR",34,NA,NA,NA,0.126551926,NA,NA,"Smmc8_a","Verret.V_Fig.Smmc8_a.PNG",NA,NA,34,"Conservation"
36,"Delaquis.E","Meta-Analysis","On-farm diversity offsets environmental pressures in tropical agro-ecosystems: A synthetic review for cassava-based systems","E. Delaquis; S. de Haan; K. A. G. Wyckhuys",23,"NA","1975–2015",NA,"Americas",NA,NA,NA,"Vote_count","Roots_tubers","Cassava","Other perennial crops","Animal","Arthropoda","Insecta","Hemiptera","Aleyrodidae","Trialeurodes variabilis","Pest","Intercrop.vs.Monoculture","mixed","Cropland","Monoculture","Intercrop","Intercrop","Cassava",NA,NA,"unclassified","Pest_indicators",314,"Percentage_change",23,132.24907063,NA,NA,NA,NA,NA,"Figure_4",NA,NA,NA,23,"Mixed"
39,"Morales.M","Review","Effect of winter cover crops on the soil microbiome: a systematic literature review","M. E. Morales; G. A. Iocoli; M. B. Villamil; M. C. Zabaloy",22,"NA",NA,"English_Spanish","Argentina_Australia_Brasil_Spain_South.Africa",".",NA,NA,NA,"Oils_fats","Sunflower","Oil crops","Fungi",NA,NA,NA,NA,NA,NA,"Rotation.vs.Fallow","Fallow","Cropland","mixed","Rotation","Rotation","Sunflower","Vetch",NA,"reproduction","Spore_number",66,"Percentage_change",1,100,NA,NA,NA,NA,NA,"Results",NA,NA,NA,1,"Mixed"
99,"Mandal.A","Review","Impact of genetically modified crops on rhizosphere microorganisms and processes: A review focusing on Bt cotton","A. Mandal; B. Sarkar; G. Owens; J. K. Thakur; M. C. Manna; N. K. Niazi; S. Jayaraman; A. K. Patra",26,"NA",NA,NA,NA,NA,NA,NA,NA,"Oils_fats","Cotton","Oil crops","Fungi",NA,NA,NA,NA,NA,NA,"Bt.vs.Non_Bt","Non_Bt","Cropland","Transgenic","Bt","Bt","Bt_Cotton",NA,NA,"diversity","Abundance",181,"Percentage_change",1,100,NA,NA,NA,NA,NA,"Table_5","Li et al. (2011)",NA,NA,1,"Non_Bt"
9,"Gatehouse.A","Review","Insect-resistant biotech crops and their impacts on beneficial arthropods","A. M. R. Gatehouse; N. Ferry; M. G. Edwards; H. A. Bell",32,"NA",NA,NA,NA,NA,NA,NA,NA,"Oils_fats","Rape_seed","Oil crops","Animal","Arthropoda","Insecta","Lepidoptera","Plutellidae","Plutella xylostella","Pest","GM","Conventional","Cropland","Transgenic","GM","GM","GM_Oilseed_rape",NA,"OC1","survival","Survival",206,"Percentage_change",1,100,NA,NA,NA,NA,NA,"Page_9","Gatehouse, A. , et al.(2011)",NA,NA,1,"Conventional"
70,"Fargione.J","Review","The Ecological Impact of Biofuels","J. E. Fargione; R. J. Plevin; J. D. Hill",1,"NA","2009","English","South.East_Asia",NA,NA,NA,NA,"Oils_fats","Oil_palm","Oil crops","Native_palm",NA,"Commelinids","Arecales","Arecaceae",NA,NA,"Conventional","conventional","Cropland","Primary_forest","Conventional","Conventional","Oil_palm",NA,NA,"diversity","Abundance",337,"Percentage_change",1,200,NA,NA,NA,NA,NA,"Page_20","Danielsen et al. 2009).",NA,NA,1,"Primary_vegetation"
99,"Mandal.A","Review","Impact of genetically modified crops on rhizosphere microorganisms and processes: A review focusing on Bt cotton","A. Mandal; B. Sarkar; G. Owens; J. K. Thakur; M. C. Manna; N. K. Niazi; S. Jayaraman; A. K. Patra",26,"NA",NA,NA,NA,NA,NA,NA,NA,"Oils_fats","Cotton","Oil crops","Microbes","Rhyzosphere_microbes",NA,NA,NA,NA,NA,"Bt.vs.Non_Bt","Non_Bt","Cropland","Transgenic","Bt","Bt","Bt_Cotton",NA,NA,"Enzymatic_activity","Enzymatic_activity",172,"Percentage_change",1,100,NA,NA,NA,NA,NA,"Page_6","Mina et al. (2011)",NA,NA,1,"Transgenic"
46,"Bowles.T","Meta-Analysis","Ecological intensification and arbuscular mycorrhizas: a meta-analysis of tillage and cover crop effects","T. M. Bowles; L. E. Jackson; M. Loeher; T. R. Cavagnaro",17,"93",NA,NA,"America_Asia_Europa_Oceania",".",NA,NA,"Fixed_effects","Oils_fats","Soybean","Oil crops","Fungi","Mucoromycota","Glomeromycetes",NA,NA,NA,NA,"Rotation.vs.Monoculture","Monoculture","Cropland","mixed","Rotation","Rotation","Soy",NA,NA,"development","Mycorrhiza_hifa_length",121,"Percentage_change",17,112.4,NA,93.65540916,12.40496198,16.5,80.5,"Figure_1",NA,NA,NA,17,"Conventional"
36,"Delaquis.E","Meta-Analysis","On-farm diversity offsets environmental pressures in tropical agro-ecosystems: A synthetic review for cassava-based systems","E. Delaquis; S. de Haan; K. A. G. Wyckhuys",23,"NA","1975–2015",NA,"Africa",NA,NA,NA,"Vote_count","Roots_tubers","Cassava","Other perennial crops","Animal","Arthropoda","Insecta","Hemiptera","Pseudococcidae","Phenacoccus manihoti","Pest","Intercrop.vs.Monoculture","mixed","Cropland","Monoculture","Intercrop","Intercrop","Cassava",NA,NA,"unclassified","Pest_indicators",319,"Percentage_change",23,135.40892193,NA,NA,NA,NA,NA,"Figure_4",NA,NA,NA,23,"Conventional"
24,"Fitzherbert.E","Review","How will oil palm expansion affect
biodiversity?","Emily B. Fitzherbert1,2, Matthew J. Struebig3, Alexandra Morel4, Finn Danielsen5,
Carsten A. Bru¨ hl6, Paul F. Donald7 and Ben Phalan",11,"NA",NA,NA,NA,NA,NA,NA,NA,"Oils_fats","Oil_palm","Oil crops","Animal","Arthropoda","Insecta","Hymenoptera","Formicidae",NA,NA,"Conventional.vs.Primary_vegetation","conventional","Cropland","Primary_vegetation","Conventional","Conventional","Oil_Palm",NA,NA,"diversity","Relative_species_richness",288,"Percentage_change",1,140.4226698,NA,NA,NA,NA,NA,"Fig_2","Room, P.M. (1975)",NA,NA,1,"Conventional"
39,"Morales.M","Review","Effect of winter cover crops on the soil microbiome: a systematic literature review","M. E. Morales; G. A. Iocoli; M. B. Villamil; M. C. Zabaloy",22,"NA",NA,"English_Spanish","Argentina_Australia_Brasil_Spain_South.Africa",".",NA,NA,NA,"Cereals_grains","Maize","Cereals","Bacteria",NA,NA,NA,NA,NA,NA,"Rotation.vs.Fallow","Fallow","Cropland","mixed","Rotation","Rotation","Maize","Turnip",NA,"biomass","Biomass",116,"Percentage_change",1,100,NA,NA,NA,NA,NA,"Results",NA,NA,NA,1,"Mixed"
39,"Morales.M","Review","Effect of winter cover crops on the soil microbiome: a systematic literature review","M. E. Morales; G. A. Iocoli; M. B. Villamil; M. C. Zabaloy",22,"NA",NA,"English_Spanish","Argentina_Australia_Brasil_Spain_South.Africa",".",NA,NA,NA,"Oils_fats","Cotton","Oil crops","Fungi",NA,NA,NA,NA,NA,NA,"Rotation.vs.Fallow","Fallow","Cropland","mixed","Rotation","Rotation","Cotton","Rye",NA,"biomass","Biomass",100,"Percentage_change",1,100,NA,NA,NA,NA,NA,"Results",NA,NA,NA,1,"Mixed"
36,"Delaquis.E","Meta-Analysis","On-farm diversity offsets environmental pressures in tropical agro-ecosystems: A synthetic review for cassava-based systems","E. Delaquis; S. de Haan; K. A. G. Wyckhuys",23,"NA","1975–2015",NA,"Americas",NA,NA,NA,"Vote_count","Roots_tubers","Cassava","Other perennial crops","Animal","Arthropoda","Insecta","Hemiptera","Aleyrodidae","Trialeurodes variabilis","Pest","Intercrop.vs.Monoculture","mixed","Cropland","Monoculture","Intercrop","Intercrop","Cassava",NA,NA,"unclassified","Pest_indicators",314,"Percentage_change",23,132.24907063,NA,NA,NA,NA,NA,"Figure_4",NA,NA,NA,23,"Conventional"
36,"Delaquis.E","Meta-Analysis","On-farm diversity offsets environmental pressures in tropical agro-ecosystems: A synthetic review for cassava-based systems","E. Delaquis; S. de Haan; K. A. G. Wyckhuys",23,"NA","1975–2015",NA,"Africa",NA,NA,NA,"Vote_count","Roots_tubers","Cassava","Other perennial crops","Animal","Arthropoda","Insecta","Hemiptera","Pseudococcidae","Phenacoccus manihoti","Pest","Intercrop.vs.Monoculture","mixed","Cropland","Monoculture","Intercrop","Intercrop","Cassava",NA,NA,"unclassified","Pest_indicators",320,"Percentage_change",23,139.49814126,NA,NA,NA,NA,NA,"Figure_4",NA,NA,NA,23,"Conventional"
99,"Mandal.A","Review","Impact of genetically modified crops on rhizosphere microorganisms and processes: A review focusing on Bt cotton","A. Mandal; B. Sarkar; G. Owens; J. K. Thakur; M. C. Manna; N. K. Niazi; S. Jayaraman; A. K. Patra",26,"NA",NA,NA,NA,NA,NA,NA,NA,"Oils_fats","Cotton","Oil crops","Bacteria",NA,NA,NA,NA,NA,NA,"Bt.vs.Non_Bt","Non_Bt","Cropland","Transgenic","Bt","Bt","Bt_Cotton",NA,NA,"Enzymatic_activity","Metabolic_activity",193,"Percentage_change",1,100,NA,NA,NA,NA,NA,"Table_5","Xie et al. (2016)",NA,NA,1,"Non_Bt"
85,"Fanielsen.F","Meta-Analysis","Biofuel Plantations on Forested Lands: Double Jeopardy for Biodiversity and Climate","F. Danielsen; H. Beukema; N. D. Burgess; F. Parish; C. A. Bruhl; P. F. Donald; D. Murdiyarso; B. Phalan; L. Reijnders; M. Struebig; E. B. Fitzherbert",6,"NA","1995-2007",NA,"Dominican.Repubic_Ghana_Malasya_Papua.New.Guinea_Thailand",".",".",".",NA,"Oils_fats","Oil_palm","Oil crops","Animal","Chordata",NA,NA,NA,NA,NA,"Primary_vegetation.vs.Conventional","conventional","Cropland","Primary_vegetation","Conventional","Bt","Oil_palm",NA,NA,"diversity","Similarity",339,"Percentage_change",6,170,NA,NA,NA,NA,NA,"Page_354",NA,NA,NA,6,"Conventional"
24,"Fitzherbert.E","Review","How will oil palm expansion affect
biodiversity?","Emily B. Fitzherbert1,2, Matthew J. Struebig3, Alexandra Morel4, Finn Danielsen5,
Carsten A. Bru¨ hl6, Paul F. Donald7 and Ben Phalan",11,"NA",NA,NA,NA,NA,NA,NA,NA,"Oils_fats","Oil_palm","Oil crops","Animal","Arthropoda","Insecta","Coleoptera",NA,NA,NA,"Conventional.vs.Disturbed_forest","conventional","Cropland","Disturbed_forest","Conventional","Conventional","Oil_Palm",NA,NA,"diversity","Relative_species_richness",299,"Percentage_change",1,180.6818182,NA,NA,NA,NA,NA,"Fig_2","Chung, A.Y.C. et al. (2000)",NA,NA,1,"Disturbed_forest"
39,"Morales.M","Review","Effect of winter cover crops on the soil microbiome: a systematic literature review","M. E. Morales; G. A. Iocoli; M. B. Villamil; M. C. Zabaloy",22,"NA",NA,"English_Spanish","Argentina_Australia_Brasil_Spain_South.Africa",".",NA,NA,NA,"Cereals_grains","Maize","Cereals","Bacteria",NA,NA,NA,NA,NA,NA,"Rotation.vs.Fallow","Fallow","Cropland","mixed","Rotation","Rotation","Maize","Vetch",NA,"diversity","Chao-1",91,"Percentage_change",1,100,NA,NA,NA,NA,NA,"Results",NA,NA,NA,1,"Fallow"
9,"Gatehouse.A","Review","Insect-resistant biotech crops and their impacts on beneficial arthropods","A. M. R. Gatehouse; N. Ferry; M. G. Edwards; H. A. Bell",32,"NA",NA,NA,NA,NA,NA,NA,NA,"Oils_fats","Rape_seed","Oil crops","Animal","Arthropoda","Insecta","Lepidoptera","Plutellidae","Plutella xylostella","Pest","GM","Conventional","Cropland","Transgenic","GM","GM","GM_Oilseed_rape",NA,"OC1","development","Development",205,"Percentage_change",1,100,NA,NA,NA,NA,NA,"Page_9","Gatehouse, A. , et al.(2011)",NA,NA,1,"Conventional"
24,"Fitzherbert.E","Review","How will oil palm expansion affect
biodiversity?","Emily B. Fitzherbert1,2, Matthew J. Struebig3, Alexandra Morel4, Finn Danielsen5,
Carsten A. Bru¨ hl6, Paul F. Donald7 and Ben Phalan",11,"NA",NA,NA,NA,NA,NA,NA,NA,"Oils_fats","Oil_palm","Oil crops","Animal","Arthropoda","Malacostraca","Isopoda",NA,NA,NA,"Conventional.vs.Primary_vegetation","conventional","Cropland","Primary_vegetation","Conventional","Conventional","Oil_Palm",NA,NA,"diversity","Relative_species_richness",294,"Percentage_change",1,150.0422186,NA,NA,NA,NA,NA,"Fig_2","Hassall, M. et al. (2006)",NA,NA,1,"Primary_vegetation"
20,"Roy.S","Review","Soil Arthropods in Maintaining Soil Health: Thrust Areas for Sugarcane Production Systems","S. Roy; M. M. Roy; A. K. Jaiswal; A. Baitha",6,"NA",NA,NA,NA,NA,NA,NA,NA,"Sugar","Sugarcane","Sugar Crops","Animal","Arthropoda","Insecta","Othoptera",NA,NA,NA,"Burning","Conservation","Cropland","traditional","Burning","Burning","Sugarcane",NA,NA,"diversity","Diversity",261,"Percentage_change",1,100,NA,NA,NA,NA,NA,"Page_7","Srikanth et al. 1997; Sajjad et al. 2012",NA,NA,1,"Traditional"
9,"Gatehouse.A","Review","Insect-resistant biotech crops and their impacts on beneficial arthropods","A. M. R. Gatehouse; N. Ferry; M. G. Edwards; H. A. Bell",32,"NA",NA,NA,NA,NA,NA,NA,NA,"Oils_fats","Rape_seed","Oil crops","Animal","Arthropoda","Insecta","Hymenoptera","Braconidae","Diaeretiella rapae","Parasitoids","GM","Conventional","Cropland","Transgenic","GM","GM","GM_Oilseed_rape",NA,"OC1","efficiency","Emergence",218,"Percentage_change",1,100,NA,NA,NA,NA,NA,"Table_1","Schuler et al. [65]",NA,NA,1,"Conventional"
3,"Verret.V","Meta-Analysis","Can legume companion plants control weeds without decreasing crop yield? A meta-analysis","V. Verret; A. Gardarin; E. Pelzer; S. Mediene; D. Makowski; M. Valantin-Morison",34,"476","1984-2015",NA,"Argentina_Austria_Canada_Denmark_East.Timor_Estonia_France_Germany_Iran_Italy_Japan_Lithuania_Mexico_Nigeria_Norway_Sweeden_USA",".",".",".","Fixed_effects","Cereals_grains","Straw_cereals","Cereals","Plantae","Weed",NA,NA,NA,NA,NA,"Conventional_NonWeeded.vs.Cover_crop","Conventional_NonWeeded","Cropland","Conservation","Cover_crop","Cover_crop","Straw","No",NA,"diversity","Density_ratio",15,"LRR",34,NA,NA,NA,0.126551926,NA,NA,"Smmc8_a","Verret.V_Fig.Smmc8_a.PNG",NA,NA,34,"Conventional"
9,"Gatehouse.A","Review","Insect-resistant biotech crops and their impacts on beneficial arthropods","A. M. R. Gatehouse; N. Ferry; M. G. Edwards; H. A. Bell",32,"NA",NA,NA,NA,NA,NA,NA,NA,"Fruit","Strawberry","Other perennial crops","Animal","Arthropoda","Insecta","Coleoptera","Carabidae",NA,"Predators","GM","Conventional","Cropland","Transgenic","GM","GM","Gm_Strawberry",NA,"CpTI","diversity","Abundance",244,"Percentage_change",1,100,NA,NA,NA,NA,NA,"Table_2","Graham et al. [99]",NA,NA,1,"Transgenic"
24,"Fitzherbert.E","Review","How will oil palm expansion affect
biodiversity?","Emily B. Fitzherbert1,2, Matthew J. Struebig3, Alexandra Morel4, Finn Danielsen5,
Carsten A. Bru¨ hl6, Paul F. Donald7 and Ben Phalan",11,"NA",NA,NA,NA,NA,NA,NA,NA,"Oils_fats","Oil_palm","Oil crops","Animal","Chordata","Mammalia","Primate",NA,NA,NA,"Conventional.vs.Disturbed_forest","conventional","Cropland","Disturbed_forest","Conventional","Conventional","Oil_Palm",NA,NA,"diversity","Relative_species_richness",298,"Percentage_change",1,175,NA,NA,NA,NA,NA,"Fig_2","Danielsen, F. and Heegaard, M. (1995)",NA,NA,1,"Conventional"
39,"Morales.M","Review","Effect of winter cover crops on the soil microbiome: a systematic literature review","M. E. Morales; G. A. Iocoli; M. B. Villamil; M. C. Zabaloy",22,"NA",NA,"English_Spanish","Argentina_Australia_Brasil_Spain_South.Africa",".",NA,NA,NA,"Cereals_grains","Maize","Cereals","Bacteria",NA,NA,NA,NA,NA,NA,"Rotation.vs.Fallow","Fallow","Cropland","mixed","Rotation","Rotation","Maize","Oat",NA,"Enzymatic_activity","Enzymatic_activity",111,"Percentage_change",1,100,NA,NA,NA,NA,NA,"Results",NA,NA,NA,1,"Mixed"
24,"Fitzherbert.E","Review","How will oil palm expansion affect
biodiversity?","Emily B. Fitzherbert1,2, Matthew J. Struebig3, Alexandra Morel4, Finn Danielsen5,
Carsten A. Bru¨ hl6, Paul F. Donald7 and Ben Phalan",11,"NA",NA,NA,NA,NA,NA,NA,NA,"Oils_fats","Oil_palm","Oil crops","Animal","Chordata","Mammalia","Primate",NA,NA,NA,"Conventional.vs.Disturbed_forest","conventional","Cropland","Disturbed_forest","Conventional","Conventional","Oil_Palm",NA,NA,"diversity","Relative_species_richness",298,"Percentage_change",1,175,NA,NA,NA,NA,NA,"Fig_2","Danielsen, F. and Heegaard, M. (1995)",NA,NA,1,"Disturbed_forest"
3,"Verret.V","Meta-Analysis","Can legume companion plants control weeds without decreasing crop yield? A meta-analysis","V. Verret; A. Gardarin; E. Pelzer; S. Mediene; D. Makowski; M. Valantin-Morison",34,"476","1984-2015",NA,"Argentina_Austria_Canada_Denmark_East.Timor_Estonia_France_Germany_Iran_Italy_Japan_Lithuania_Mexico_Nigeria_Norway_Sweeden_USA",".",".",".","Fixed_effects","Cereals_grains","Maize","Cereals","Plantae","Weed",NA,NA,NA,NA,NA,"Conventional_NonWeeded.vs.Cover_crop","Conventional_NonWeeded","Cropland","Conservation","Cover_crop","Cover_crop","Maize","Living_mulch",NA,"biomass","Biomass_ratio",6,"LRR",34,NA,NA,NA,1.267488127,NA,NA,"Smmc3_a","Verret.V_Fig.Smmc3_a.PNG",NA,NA,34,"Conservation"
3,"Verret.V","Meta-Analysis","Can legume companion plants control weeds without decreasing crop yield? A meta-analysis","V. Verret; A. Gardarin; E. Pelzer; S. Mediene; D. Makowski; M. Valantin-Morison",34,"476","1984-2015",NA,"Argentina_Austria_Canada_Denmark_East.Timor_Estonia_France_Germany_Iran_Italy_Japan_Lithuania_Mexico_Nigeria_Norway_Sweeden_USA",".",".",".","Fixed_effects","Cereals_grains","Straw_cereals","Cereals","Plantae","Weed",NA,NA,NA,NA,NA,"Conventional_NonWeeded.vs.Cover_crop","Conventional_NonWeeded","Cropland","Conservation","Cover_crop","Cover_crop","Straw","Living_mulch",NA,"biomass","Biomass_ratio",31,"LRR",34,NA,NA,NA,0.471164719,NA,NA,"Fig.4_a","Verret.V_Fig.4_a.PNG",NA,NA,34,"Conventional"
52,"Tang.K","Review","Sustainability of oil palm plantations in Malaysia","K. H. D. Tang; H. M. S. Al Qahtani",9,"NA","2000-2019",NA,NA,NA,NA,NA,NA,"Oils_fats","Oil_palm","Oil crops","Animal","Chordata","Birds",NA,NA,NA,NA,"Conventional.vs.Logged_forest","conventional","Cropland","Logged_forest","Conventional","Conventional","Oil_Palm",NA,NA,"diversity","Species_richness",326,"Percentage_change",1,173,NA,NA,NA,NA,NA,"Page_6","Peh et al. 2005",NA,NA,1,"Disturbed_forest"
9,"Gatehouse.A","Review","Insect-resistant biotech crops and their impacts on beneficial arthropods","A. M. R. Gatehouse; N. Ferry; M. G. Edwards; H. A. Bell",32,"NA",NA,NA,NA,NA,NA,NA,NA,"Oils_fats","Rape_seed","Oil crops","Animal","Arthropoda","Insecta","Coleoptera","Carabidae","Pterostichus melanarius","Predators","GM","Conventional","Cropland","Transgenic","GM","GM","GM_Ol",NA,"OC1","efficiency","Weight",247,"Percentage_change",1,100,NA,NA,NA,NA,NA,"Table_2","Ferry et al. [101]",NA,NA,1,"Transgenic"
13,"Iverson.A","Meta-Analysis","Do polycultures promote win-wins or trade-offs in
agricultural ecosystem services? A meta-analysis","Aaron L. Iverson1*, Linda E. Mar?n2, Katherine K. Ennis3, David J. Gonthier2, Benjamin T.
Connor-Barrie2, Jane L. Remfert2, Bradley J. Cardinale1,2 and Ivette Perfecto2",26,"301",NA,"English","Argentina_Brazil_Canada_Cameroon_Egypt_Ethiopia_Hawaii_India_Kenya_Mexico_Peru_Philippines_South.Africa_Uganda_USA",".",NA,NA,NA,"Cereals_grains","Maize","Cereals",NA,NA,NA,NA,NA,NA,"Natural_enemy","Polyculture.vs.Monoculture","Monoculture","Cropland","mixed","Policulture","Policulture","Maize",NA,NA,"diversity","Abundance",40,"Percentage_change",26,123.7,0.178,NA,NA,NA,NA,"Page_1597",NA,NA,NA,26,"Conventional"
36,"Delaquis.E","Meta-Analysis","On-farm diversity offsets environmental pressures in tropical agro-ecosystems: A synthetic review for cassava-based systems","E. Delaquis; S. de Haan; K. A. G. Wyckhuys",23,"NA","1975–2015",NA,"Africa",NA,NA,NA,"Vote_count","Roots_tubers","Cassava","Other perennial crops","Animal","Arthropoda","Insecta","Hemiptera","Aleyrodidae","Bermisia tabaci","Pest","Intercrop.vs.Monoculture","mixed","Cropland","Monoculture","Intercrop","Intercrop","Cassava",NA,NA,"unclassified","Pest_indicators",317,"Percentage_change",23,139.77695167,NA,NA,NA,NA,NA,"Figure_4",NA,NA,NA,23,"Conventional"
39,"Morales.M","Review","Effect of winter cover crops on the soil microbiome: a systematic literature review","M. E. Morales; G. A. Iocoli; M. B. Villamil; M. C. Zabaloy",22,"NA",NA,"English_Spanish","Argentina_Australia_Brasil_Spain_South.Africa",".",NA,NA,NA,"Cereals_grains","Maize","Cereals","Bacteria",NA,NA,NA,NA,NA,NA,"Rotation.vs.Fallow","Fallow","Cropland","mixed","Rotation","Rotation","Maize","Rye",NA,"diversity","Chao-1",89,"Percentage_change",1,100,NA,NA,NA,NA,NA,"Results",NA,NA,NA,1,"Fallow"
99,"Mandal.A","Review","Impact of genetically modified crops on rhizosphere microorganisms and processes: A review focusing on Bt cotton","A. Mandal; B. Sarkar; G. Owens; J. K. Thakur; M. C. Manna; N. K. Niazi; S. Jayaraman; A. K. Patra",26,"NA",NA,NA,NA,NA,NA,NA,NA,"Oils_fats","Sunflower","Oil crops","Plantae","Sunflower","Magnoliopsida","Asterales","Asteraceae","Helianthus annuus L.",NA,"Bt.vs.Non_Bt","Non_Bt","Cropland","Transgenic","Bt","Bt","Bt_Sunflower",NA,NA,"reproduction","Seeds",147,"Percentage_change",1,150,NA,NA,NA,NA,NA,"Page_4","Lottmann et al., 1999).",NA,NA,1,"Transgenic"
99,"Mandal.A","Review","Impact of genetically modified crops on rhizosphere microorganisms and processes: A review focusing on Bt cotton","A. Mandal; B. Sarkar; G. Owens; J. K. Thakur; M. C. Manna; N. K. Niazi; S. Jayaraman; A. K. Patra",26,"NA",NA,NA,NA,NA,NA,NA,NA,"Oils_fats","Cotton","Oil crops","Microbes","Microbiall_community",NA,NA,NA,NA,NA,"Bt.vs.Non_Bt","Non_Bt","Cropland","Transgenic","Bt","Bt","Bt_Cotton",NA,NA,"diversity","Functional_diversity",177,"Percentage_change",1,100,NA,NA,NA,NA,NA,"Table_5","Balachandar et al., 2008",NA,NA,1,"Non_Bt"
24,"Fitzherbert.E","Review","How will oil palm expansion affect
biodiversity?","Emily B. Fitzherbert1,2, Matthew J. Struebig3, Alexandra Morel4, Finn Danielsen5,
Carsten A. Bru¨ hl6, Paul F. Donald7 and Ben Phalan",11,"NA",NA,NA,NA,NA,NA,NA,NA,"Oils_fats","Oil_palm","Oil crops","Animal","Chordata","Birds",NA,NA,NA,NA,"Conventional.vs.Primary_vegetation","conventional","Cropland","Primary_vegetation","Conventional","Conventional","Oil_Palm",NA,NA,"diversity","Relative_species_richness",284,"Percentage_change",1,174.0910905,NA,NA,NA,NA,NA,"Fig_2","Danielsen, F. and Heegaard, M. (1995)",NA,NA,1,"Conventional"
36,"Delaquis.E","Meta-Analysis","On-farm diversity offsets environmental pressures in tropical agro-ecosystems: A synthetic review for cassava-based systems","E. Delaquis; S. de Haan; K. A. G. Wyckhuys",23,"NA","1975–2015",NA,"Africa",NA,NA,NA,"Vote_count","Roots_tubers","Cassava","Other perennial crops","Animal","Arthropoda","Arachnida"," Acariformes","Mononychellus","T. aripo","Pest","Intercrop.vs.Monoculture","Monoculture","Cropland","mixed","Intercrop","Intercrop","Cassava",NA,NA,"unclassified","Pest_indicators",56,"Percentage_change",23,100,NA,NA,NA,NA,NA,"Figure_4",NA,NA,NA,23,"Mixed"
99,"Mandal.A","Review","Impact of genetically modified crops on rhizosphere microorganisms and processes: A review focusing on Bt cotton","A. Mandal; B. Sarkar; G. Owens; J. K. Thakur; M. C. Manna; N. K. Niazi; S. Jayaraman; A. K. Patra",26,"NA",NA,NA,NA,NA,NA,NA,NA,"Cereals_grains","Rice","Cereals","Animal","Nematoda",NA,NA,NA,NA,NA,"Bt.vs.Non_Bt","Non_Bt","Cropland","Transgenic","Bt","Bt","Bt_Rice",NA,NA,"diversity","Community_composition",153,"Percentage_change",1,100,NA,NA,NA,NA,NA,"Page_5","Liu et al., 2018).",NA,NA,1,"Transgenic"
39,"Morales.M","Review","Effect of winter cover crops on the soil microbiome: a systematic literature review","M. E. Morales; G. A. Iocoli; M. B. Villamil; M. C. Zabaloy",22,"NA",NA,"English_Spanish","Argentina_Australia_Brasil_Spain_South.Africa",".",NA,NA,NA,"Cereals_grains","Sorghum","Cereals","Bacteria",NA,NA,NA,NA,NA,NA,"Rotation.vs.Fallow","Fallow","Cropland","mixed","Rotation","Rotation","Sorghum","Rye",NA,"biomass","Biomass",92,"Percentage_change",1,100,NA,NA,NA,NA,NA,"Results",NA,NA,NA,1,"Mixed"
36,"Delaquis.E","Meta-Analysis","On-farm diversity offsets environmental pressures in tropical agro-ecosystems: A synthetic review for cassava-based systems","E. Delaquis; S. de Haan; K. A. G. Wyckhuys",23,"NA","1975–2015",NA,"Americas",NA,NA,NA,"Vote_count","Roots_tubers","Cassava","Other perennial crops","Animal","Arthropoda","Insecta","Lepidoptera","Pyralidae","Chilomima clarkei","Pest","Intercrop.vs.Monoculture","mixed","Cropland","Monoculture","Intercrop","Intercrop","Cassava",NA,NA,"unclassified","Pest_indicators",324,"Percentage_change",23,161.33828996,NA,NA,NA,NA,NA,"Figure_4",NA,NA,NA,23,"Conventional"
36,"Delaquis.E","Meta-Analysis","On-farm diversity offsets environmental pressures in tropical agro-ecosystems: A synthetic review for cassava-based systems","E. Delaquis; S. de Haan; K. A. G. Wyckhuys",23,"NA","1975–2015",NA,"Africa",NA,NA,NA,"Vote_count","Roots_tubers","Cassava","Other perennial crops","Animal","Arthropoda","Arachnida"," Acariformes","Mononychellus","Mononychellus tanajoa","Pest","Intercrop.vs.Monoculture","Monoculture","Cropland","mixed","Intercrop","Intercrop","Cassava",NA,NA,"unclassified","Pest_indicators",54,"Percentage_change",23,100,NA,NA,NA,NA,NA,"Figure_4",NA,NA,NA,23,"Mixed"
39,"Morales.M","Review","Effect of winter cover crops on the soil microbiome: a systematic literature review","M. E. Morales; G. A. Iocoli; M. B. Villamil; M. C. Zabaloy",22,"NA",NA,"English_Spanish","Argentina_Australia_Brasil_Spain_South.Africa",".",NA,NA,NA,"Oils_fats","Sunflower","Oil crops","Fungi",NA,NA,NA,NA,NA,NA,"Rotation.vs.Fallow","Fallow","Cropland","mixed","Rotation","Rotation","Sunflower","Vetch",NA,"reproduction","Spore_number",64,"Percentage_change",1,100,NA,NA,NA,NA,NA,"Results",NA,NA,NA,1,"Mixed"
99,"Mandal.A","Review","Impact of genetically modified crops on rhizosphere microorganisms and processes: A review focusing on Bt cotton","A. Mandal; B. Sarkar; G. Owens; J. K. Thakur; M. C. Manna; N. K. Niazi; S. Jayaraman; A. K. Patra",26,"NA",NA,NA,NA,NA,NA,NA,NA,"Oils_fats","Cotton","Oil crops","Bacteria",NA,NA,NA,NA,NA,NA,"Bt.vs.Non_Bt","Non_Bt","Cropland","Transgenic","Bt","Bt","Bt_Cotton",NA,NA,"diversity","Community_composition",152,"Percentage_change",1,100,NA,NA,NA,NA,NA,"Page_5","(Castaldini et al., 2005",NA,NA,1,"Non_Bt"
36,"Delaquis.E","Meta-Analysis","On-farm diversity offsets environmental pressures in tropical agro-ecosystems: A synthetic review for cassava-based systems","E. Delaquis; S. de Haan; K. A. G. Wyckhuys",23,"NA","1975–2015",NA,"Americas",NA,NA,NA,"Vote_count","Roots_tubers","Cassava","Other perennial crops","Animal","Arthropoda","Insecta","Lepidoptera","Hornworm","Erinnyis ello","Pest","Intercrop.vs.Monoculture","mixed","Cropland","Monoculture","Intercrop","Intercrop","Cassava",NA,NA,"unclassified","Pest_indicators",323,"Percentage_change",23,150.18587361,NA,NA,NA,NA,NA,"Figure_4",NA,NA,NA,23,"Conventional"
99,"Mandal.A","Review","Impact of genetically modified crops on rhizosphere microorganisms and processes: A review focusing on Bt cotton","A. Mandal; B. Sarkar; G. Owens; J. K. Thakur; M. C. Manna; N. K. Niazi; S. Jayaraman; A. K. Patra",26,"NA",NA,NA,NA,NA,NA,NA,NA,"Oils_fats","Cotton","Oil crops","Bacteria","Azotobacter",NA,NA,NA,NA,NA,"Bt.vs.Non_Bt","Non_Bt","Cropland","Transgenic","Bt","Bt","Bt_Cotton",NA,NA,"diversity","Abundance",182,"Percentage_change",1,100,NA,NA,NA,NA,NA,"Table_5","Li et al. (2011)",NA,NA,1,"Non_Bt"
3,"Verret.V","Meta-Analysis","Can legume companion plants control weeds without decreasing crop yield? A meta-analysis","V. Verret; A. Gardarin; E. Pelzer; S. Mediene; D. Makowski; M. Valantin-Morison",34,"476","1984-2015",NA,"Argentina_Austria_Canada_Denmark_East.Timor_Estonia_France_Germany_Iran_Italy_Japan_Lithuania_Mexico_Nigeria_Norway_Sweeden_USA",".",".",".","Fixed_effects","Cereals_grains","Straw_cereals","Cereals","Plantae","Weed",NA,NA,NA,NA,NA,"Conventional_NonWeeded.vs.Cover_crop","Conventional_NonWeeded","Cropland","Conservation","Cover_crop","Cover_crop","Straw","Relay_intercrop",NA,"biomass","Biomass_ratio",33,"LRR",34,NA,NA,NA,0.104329331,NA,NA,"Fig.4_a","Verret.V_Fig.4_a.PNG",NA,NA,34,"Conservation"
24,"Fitzherbert.E","Review","How will oil palm expansion affect
biodiversity?","Emily B. Fitzherbert1,2, Matthew J. Struebig3, Alexandra Morel4, Finn Danielsen5,
Carsten A. Bru¨ hl6, Paul F. Donald7 and Ben Phalan",11,"NA",NA,NA,NA,NA,NA,NA,NA,"Oils_fats","Oil_palm","Oil crops","Animal","Chordata","Mammalia","Chiroptera",NA,NA,NA,"Conventional.vs.Disturbed_forest","conventional","Cropland","Disturbed_forest","Conventional","Conventional","Oil_Palm",NA,NA,"diversity","Relative_species_richness",297,"Percentage_change",1,170.4545455,NA,NA,NA,NA,NA,"Fig_2","Danielsen, F. and Heegaard, M. (1995)",NA,NA,1,"Disturbed_forest"
99,"Mandal.A","Review","Impact of genetically modified crops on rhizosphere microorganisms and processes: A review focusing on Bt cotton","A. Mandal; B. Sarkar; G. Owens; J. K. Thakur; M. C. Manna; N. K. Niazi; S. Jayaraman; A. K. Patra",26,"NA",NA,NA,NA,NA,NA,NA,NA,"Oils_fats","Cotton","Oil crops","Microbes","Rhyzosphere_microbes",NA,NA,NA,NA,NA,"Bt.vs.Non_Bt","Non_Bt","Cropland","Transgenic","Bt","Bt","Bt_Cotton",NA,NA,"Enzymatic_activity","Alkaline phosphatase",166,"Percentage_change",1,124.1,NA,NA,NA,NA,NA,"Page_6","(Sarkar et al., 2009).",NA,NA,1,"Transgenic"
36,"Delaquis.E","Meta-Analysis","On-farm diversity offsets environmental pressures in tropical agro-ecosystems: A synthetic review for cassava-based systems","E. Delaquis; S. de Haan; K. A. G. Wyckhuys",23,"NA","1975–2015",NA,"Americas",NA,NA,NA,"Vote_count","Roots_tubers","Cassava","Other perennial crops","Animal","Arthropoda","Insecta","Hemiptera","Aleyrodidae","Aleurotrachelus socialis","Pest","Intercrop.vs.Monoculture","Monoculture","Cropland","mixed","Intercrop","Intercrop","Cassava",NA,NA,"unclassified","Pest_indicators",48,"Percentage_change",23,100,NA,NA,NA,NA,NA,"Figure_4",NA,NA,NA,23,"Conventional"
39,"Morales.M","Review","Effect of winter cover crops on the soil microbiome: a systematic literature review","M. E. Morales; G. A. Iocoli; M. B. Villamil; M. C. Zabaloy",22,"NA",NA,"English_Spanish","Argentina_Australia_Brasil_Spain_South.Africa",".",NA,NA,NA,"Oils_fats","Soybean","Oil crops","Fungi",NA,NA,NA,NA,NA,NA,"Rotation.vs.Fallow","Fallow","Cropland","mixed","Rotation","Rotation","Soy","Oat_Turnip",NA,"diversity","Abundance",72,"Percentage_change",1,100,NA,NA,NA,NA,NA,"Results",NA,NA,NA,1,"Fallow"
20,"Roy.S","Review","Soil Arthropods in Maintaining Soil Health: Thrust Areas for Sugarcane Production Systems","S. Roy; M. M. Roy; A. K. Jaiswal; A. Baitha",6,"NA",NA,NA,NA,NA,NA,NA,NA,"Sugar","Sugarcane","Sugar Crops","Animal","Arthropoda","Insecta","Lepidoptera",NA,NA,NA,"Burning","Conservation","Cropland","traditional","Burning","Burning","Sugarcane",NA,NA,"diversity","Abundance",258,"Percentage_change",1,100,NA,NA,NA,NA,NA,"Page_7","Srikanth et al. 1997; Sajjad et al. 2012",NA,NA,1,"Conservation"
57,"Manik.Y","Review","A meta-analytic review of life cycle assessment and flow analyses studies of palm oil biodiesel","Y. Manik; A. Halog",9,"NA","2000-2019","English","Africa_South.America_South.East.Asia",".",NA,NA,NA,"Oils_fats","Oil_palm","Oil crops","Animal","Chordata",NA,NA,NA,NA,NA,"Conventional.vs.Primary_forest","conventional","Cropland","Primary_forest","Conventional","Conventional","Oil_Palm",NA,NA,"diversity","Species_richness",333,"Percentage_change",1,138,NA,NA,NA,NA,NA,"Page_6","Danielsen et al. (2008)",NA,NA,1,"Primary_vegetation"
24,"Fitzherbert.E","Review","How will oil palm expansion affect
biodiversity?","Emily B. Fitzherbert1,2, Matthew J. Struebig3, Alexandra Morel4, Finn Danielsen5,
Carsten A. Bru¨ hl6, Paul F. Donald7 and Ben Phalan",11,"NA",NA,NA,NA,NA,NA,NA,NA,"Oils_fats","Oil_palm","Oil crops","Animal","Arthropoda","Insecta","Lepidoptera",NA,NA,NA,"Conventional.vs.Disturbed_forest","conventional","Cropland","Disturbed_forest","Conventional","Conventional","Oil_Palm",NA,NA,"diversity","Relative_species_richness",302,"Percentage_change",1,177.2727273,NA,NA,NA,NA,NA,"Fig_2","Koh, L.P. and Wilcove, D.S. (2008)",NA,NA,1,"Disturbed_forest"
36,"Delaquis.E","Meta-Analysis","On-farm diversity offsets environmental pressures in tropical agro-ecosystems: A synthetic review for cassava-based systems","E. Delaquis; S. de Haan; K. A. G. Wyckhuys",23,"NA","1975–2015",NA,"Africa",NA,NA,NA,"Vote_count","Roots_tubers","Cassava","Other perennial crops","Animal","Arthropoda","Insecta","Hemiptera","Pseudococcidae","Phenacoccus manihoti","Pest","Intercrop.vs.Monoculture","Monoculture","Cropland","mixed","Intercrop","Intercrop","Cassava",NA,NA,"unclassified","Pest_indicators",52,"Percentage_change",23,100,NA,NA,NA,NA,NA,"Figure_4",NA,NA,NA,23,"Mixed"
3,"Verret.V","Meta-Analysis","Can legume companion plants control weeds without decreasing crop yield? A meta-analysis","V. Verret; A. Gardarin; E. Pelzer; S. Mediene; D. Makowski; M. Valantin-Morison",34,"476","1984-2015",NA,"Argentina_Austria_Canada_Denmark_East.Timor_Estonia_France_Germany_Iran_Italy_Japan_Lithuania_Mexico_Nigeria_Norway_Sweeden_USA",".",".",".","Fixed_effects","Cereals_grains","Maize","Cereals","Plantae","Weed",NA,NA,NA,NA,NA,"Conventional_Weeded.vs.Cover_crop","Conventional_Weeded","Cropland","Conservation","Cover_crop","Cover_crop","Maize","Living_mulch",NA,"biomass","Biomass_ratio",13,"LRR",34,NA,NA,NA,0.115403304,NA,NA,"Smmc3_b","Verret.V_Fig.Smmc3_b.PNG",NA,NA,34,"Conservation"
3,"Verret.V","Meta-Analysis","Can legume companion plants control weeds without decreasing crop yield? A meta-analysis","V. Verret; A. Gardarin; E. Pelzer; S. Mediene; D. Makowski; M. Valantin-Morison",34,"476","1984-2015",NA,"Argentina_Austria_Canada_Denmark_East.Timor_Estonia_France_Germany_Iran_Italy_Japan_Lithuania_Mexico_Nigeria_Norway_Sweeden_USA",".",".",".","Fixed_effects","Cereals_grains","Straw_cereals","Cereals","Plantae","Weed",NA,NA,NA,NA,NA,"Conventional_NonWeeded.vs.Cover_crop","Conventional_NonWeeded","Cropland","Conservation","Cover_crop","Cover_crop","Straw","Relay_intercrop",NA,"diversity","Density_ratio",18,"LRR",34,NA,NA,NA,0.156524751,NA,NA,"Smmc8_a","Verret.V_Fig.Smmc8_a.PNG",NA,NA,34,"Conventional"
36,"Delaquis.E","Meta-Analysis","On-farm diversity offsets environmental pressures in tropical agro-ecosystems: A synthetic review for cassava-based systems","E. Delaquis; S. de Haan; K. A. G. Wyckhuys",23,"NA","1975–2015",NA,"Africa",NA,NA,NA,"Vote_count","Roots_tubers","Cassava","Other perennial crops","Animal","Arthropoda","Insecta","Hemiptera","Pseudococcidae","Phenacoccus manihoti","Pest","Intercrop.vs.Monoculture","mixed","Cropland","Monoculture","Intercrop","Intercrop","Cassava",NA,NA,"unclassified","Pest_indicators",318,"Percentage_change",23,179.18215613,NA,NA,NA,NA,NA,"Figure_4",NA,NA,NA,23,"Mixed"
36,"Delaquis.E","Meta-Analysis","On-farm diversity offsets environmental pressures in tropical agro-ecosystems: A synthetic review for cassava-based systems","E. Delaquis; S. de Haan; K. A. G. Wyckhuys",23,"NA","1975–2015",NA,"Americas",NA,NA,NA,"Vote_count","Roots_tubers","Cassava","Other perennial crops","Animal","Arthropoda","Insecta","Hemiptera","Aleyrodidae","Aleurotrachelus socialis","Pest","Intercrop.vs.Monoculture","Monoculture","Cropland","mixed","Intercrop","Intercrop","Cassava",NA,NA,"unclassified","Pest_indicators",48,"Percentage_change",23,100,NA,NA,NA,NA,NA,"Figure_4",NA,NA,NA,23,"Mixed"
36,"Delaquis.E","Meta-Analysis","On-farm diversity offsets environmental pressures in tropical agro-ecosystems: A synthetic review for cassava-based systems","E. Delaquis; S. de Haan; K. A. G. Wyckhuys",23,"NA","1975–2015",NA,"Americas",NA,NA,NA,"Vote_count","Roots_tubers","Cassava","Other perennial crops","Animal","Arthropoda","Insecta","Lepidoptera ","rambidae","Chilomima clarkei","Pest","Intercrop.vs.Monoculture","Monoculture","Cropland","mixed","Intercrop","Intercrop","Cassava",NA,NA,"unclassified","Pest_indicators",58,"Percentage_change",23,100,NA,NA,NA,NA,NA,"Figure_4",NA,NA,NA,23,"Conventional"
24,"Fitzherbert.E","Review","How will oil palm expansion affect
biodiversity?","Emily B. Fitzherbert1,2, Matthew J. Struebig3, Alexandra Morel4, Finn Danielsen5,
Carsten A. Bru¨ hl6, Paul F. Donald7 and Ben Phalan",11,"NA",NA,NA,NA,NA,NA,NA,NA,"Oils_fats","Oil_palm","Oil crops","Animal","Arthropoda","Insecta","Diptera","Culicidae",NA,NA,"Conventional.vs.Disturbed_forest","Disturbed_forest","Cropland","Conventional","Conventional","Conventional","Oil_Palm",NA,NA,"diversity","Relative_species_richness",46,"Percentage_change",1,101.1363636,NA,NA,NA,NA,NA,"Fig_2","Chang, M.S. et al. (1997)",NA,NA,1,"Disturbed_forest"
99,"Mandal.A","Review","Impact of genetically modified crops on rhizosphere microorganisms and processes: A review focusing on Bt cotton","A. Mandal; B. Sarkar; G. Owens; J. K. Thakur; M. C. Manna; N. K. Niazi; S. Jayaraman; A. K. Patra",26,"NA",NA,NA,NA,NA,NA,NA,NA,"Oils_fats","Rape_seed","Oil crops","Microbes",NA,NA,NA,NA,NA,NA,"Bt.vs.Non_Bt","Non_Bt","Cropland","Transgenic","Bt","Bt","Bt_Rape",NA,NA,"diversity","Diversity",149,"Percentage_change",1,100,NA,NA,NA,NA,NA,"Page_5","Gyamfi et al. (2002)",NA,NA,1,"Non_Bt"
39,"Morales.M","Review","Effect of winter cover crops on the soil microbiome: a systematic literature review","M. E. Morales; G. A. Iocoli; M. B. Villamil; M. C. Zabaloy",22,"NA",NA,"English_Spanish","Argentina_Australia_Brasil_Spain_South.Africa",".",NA,NA,NA,"Oils_fats","Soybean","Oil crops","Bacteria",NA,NA,NA,NA,NA,NA,"Rotation.vs.Fallow","Fallow","Cropland","mixed","Rotation","Rotation","Soy","Oat_Turnip",NA,"diversity","Abundance",73,"Percentage_change",1,100,NA,NA,NA,NA,NA,"Results",NA,NA,NA,1,"Fallow"
99,"Mandal.A","Review","Impact of genetically modified crops on rhizosphere microorganisms and processes: A review focusing on Bt cotton","A. Mandal; B. Sarkar; G. Owens; J. K. Thakur; M. C. Manna; N. K. Niazi; S. Jayaraman; A. K. Patra",26,"NA",NA,NA,NA,NA,NA,NA,NA,"Oils_fats","Cotton","Oil crops","Microbes","Rhyzosphere_microbes",NA,NA,NA,NA,NA,"Bt.vs.Non_Bt","Non_Bt","Cropland","Transgenic","Bt","Bt","Bt_Cotton",NA,NA,"Enzymatic_activity","dehydrogenase activity",171,"Percentage_change",1,100,NA,NA,NA,NA,NA,"Page_6","Mina et al. (2011)",NA,NA,1,"Transgenic"
9,"Gatehouse.A","Review","Insect-resistant biotech crops and their impacts on beneficial arthropods","A. M. R. Gatehouse; N. Ferry; M. G. Edwards; H. A. Bell",32,"NA",NA,NA,NA,NA,NA,NA,NA,"Cereals_grains","Maize","Cereals","Animal","Arthropoda","Insecta","Coleoptera","Cocinellidae","Stenothus punctillum","Predators","Bt","Conventional","Cropland","Transgenic","Bt","Bt","Bt_Maize",NA,"Cry1Ab","unclassified","Effect",229,"Percentage_change",1,100,NA,NA,NA,NA,NA,"Table_2","Alvarez-Alfageme
et al. [81]",NA,NA,1,"Transgenic"
39,"Morales.M","Review","Effect of winter cover crops on the soil microbiome: a systematic literature review","M. E. Morales; G. A. Iocoli; M. B. Villamil; M. C. Zabaloy",22,"NA",NA,"English_Spanish","Argentina_Australia_Brasil_Spain_South.Africa",".",NA,NA,NA,"Cereals_grains","Maize","Cereals","Bacteria",NA,NA,NA,NA,NA,NA,"Rotation.vs.Fallow","Fallow","Cropland","mixed","Rotation","Rotation","Maize","Vetch",NA,"biomass","Biomass",117,"Percentage_change",1,100,NA,NA,NA,NA,NA,"Results",NA,NA,NA,1,"Mixed"
3,"Verret.V","Meta-Analysis","Can legume companion plants control weeds without decreasing crop yield? A meta-analysis","V. Verret; A. Gardarin; E. Pelzer; S. Mediene; D. Makowski; M. Valantin-Morison",34,"476","1984-2015",NA,"Argentina_Austria_Canada_Denmark_East.Timor_Estonia_France_Germany_Iran_Italy_Japan_Lithuania_Mexico_Nigeria_Norway_Sweeden_USA",".",".",".","Fixed_effects","Cereals_grains","Maize","Cereals","Plantae","Weed",NA,NA,NA,NA,NA,"Conventional_Weeded.vs.Cover_crop","Conventional_Weeded","Cropland","Conservation","Cover_crop","Cover_crop","Maize","Synchronised_sowing",NA,"biomass","Biomass_ratio",28,"LRR",34,NA,NA,NA,0.367519889,NA,NA,"Fig.4_b","Verret.V_Fig-4_b.PNG",NA,NA,34,"Conventional"
20,"Roy.S","Review","Soil Arthropods in Maintaining Soil Health: Thrust Areas for Sugarcane Production Systems","S. Roy; M. M. Roy; A. K. Jaiswal; A. Baitha",6,"NA",NA,NA,NA,NA,NA,NA,NA,"Sugar","Sugarcane","Sugar Crops","Animal","Insecta","Insecta","Lepidoptera",NA,NA,NA,"Burning","Conservation","Cropland","traditional","Burning","Burning","Sugarcane",NA,NA,"diversity","Diversity",263,"Percentage_change",1,100,NA,NA,NA,NA,NA,"Page_7","Srikanth et al. 1997; Sajjad et al. 2012",NA,NA,1,"Traditional"
