"Paper_number","Paper_ID","Synthesis_type","Title","Author","N_Studies","N_Pairwise_comparisons","Year_range","Language_range","Country_range","Latitude","Longitude","Biome","Model","Commodity","Crop","magpie_class","Kingdom","Phylum","Class","Order","Family","Genus_Species","Functional_group","Comparison_.control.vs.ps2.","Control","Landuse","agricultural_system","Practice","Practice_detail","Crop.1","Cover_crop","Bt_type","biodiversity_metric_category","Biodiversity_measure","ID","Effect_size","Sample_size","LRR","Percentage_change","p.value","SD","SE","Lower_CI","Upper_CI","Extracted_from","Reference","CA_score","Comments","Weight","Treatment"
3,"Verret.V","Meta-Analysis","Can legume companion plants control weeds without decreasing crop yield? A meta-analysis","V. Verret; A. Gardarin; E. Pelzer; S. Mediene; D. Makowski; M. Valantin-Morison",34,"476","1984-2015",NA,"Argentina_Austria_Canada_Denmark_East.Timor_Estonia_France_Germany_Iran_Italy_Japan_Lithuania_Mexico_Nigeria_Norway_Sweeden_USA",".",".",".","Fixed_effects","Cereals_grains","Maize","Cereals","Plantae","Weed",NA,NA,NA,NA,NA,"Conventional_NonWeeded.vs.Cover_crop","Conventional_NonWeeded","Cropland","Conservation","Cover_crop","Cover_crop","Maize","No",NA,"biomass","Biomass_ratio",30,"LRR",34,0,NA,NA,NA,0.080771095,NA,NA,"Fig.4_a","Verret.V_Fig.4_a.PNG",NA,NA,34,"Conventional"
39,"Morales.M","Review","Effect of winter cover crops on the soil microbiome: a systematic literature review","M. E. Morales; G. A. Iocoli; M. B. Villamil; M. C. Zabaloy",22,"NA",NA,"English_Spanish","Argentina_Australia_Brasil_Spain_South.Africa",".",NA,NA,NA,"Cereals_grains","Maize","Cereals","Bacteria",NA,NA,NA,NA,NA,NA,"Rotation.vs.Fallow","Fallow","Cropland","mixed","Rotation","Rotation","Maize","Vetch",NA,"biomass","Biomass",117,"Percentage_change",1,0,100,NA,NA,NA,NA,NA,"Results",NA,NA,NA,1,"Fallow"
3,"Verret.V","Meta-Analysis","Can legume companion plants control weeds without decreasing crop yield? A meta-analysis","V. Verret; A. Gardarin; E. Pelzer; S. Mediene; D. Makowski; M. Valantin-Morison",34,"476","1984-2015",NA,"Argentina_Austria_Canada_Denmark_East.Timor_Estonia_France_Germany_Iran_Italy_Japan_Lithuania_Mexico_Nigeria_Norway_Sweeden_USA",".",".",".","Fixed_effects","Cereals_grains","Maize","Cereals","Plantae","Weed",NA,NA,NA,NA,NA,"Conventional_Weeded.vs.Cover_crop","Conventional_Weeded","Cropland","Conservation","Cover_crop","Cover_crop","Maize","Synchronised_sowing",NA,"diversity","Density_ratio",21,"LRR",34,0,NA,NA,NA,0.314343747,NA,NA,"Smmc8_b","Verret.V_Fig.Smmc8_b.PNG",NA,NA,34,"Conventional"
39,"Morales.M","Review","Effect of winter cover crops on the soil microbiome: a systematic literature review","M. E. Morales; G. A. Iocoli; M. B. Villamil; M. C. Zabaloy",22,"NA",NA,"English_Spanish","Argentina_Australia_Brasil_Spain_South.Africa",".",NA,NA,NA,"Oils_fats","Sunflower","Oil crops","Bacteria",NA,NA,NA,NA,NA,NA,"Rotation.vs.Fallow","Fallow","Cropland","mixed","Rotation","Rotation","Sunflower","Vetch",NA,"Enzymatic_activity","Microbial_activity",63,"Percentage_change",1,0,100,NA,NA,NA,NA,NA,"Results",NA,NA,NA,1,"Fallow"
39,"Morales.M","Review","Effect of winter cover crops on the soil microbiome: a systematic literature review","M. E. Morales; G. A. Iocoli; M. B. Villamil; M. C. Zabaloy",22,"NA",NA,"English_Spanish","Argentina_Australia_Brasil_Spain_South.Africa",".",NA,NA,NA,"Cereals_grains","Maize","Cereals","Bacteria",NA,NA,NA,NA,NA,NA,"Rotation.vs.Fallow","Fallow","Cropland","mixed","Rotation","Rotation","Maize","Clover",NA,"biomass","Biomass",119,"Percentage_change",1,0,100,NA,NA,NA,NA,NA,"Results",NA,NA,NA,1,"Mixed"
39,"Morales.M","Review","Effect of winter cover crops on the soil microbiome: a systematic literature review","M. E. Morales; G. A. Iocoli; M. B. Villamil; M. C. Zabaloy",22,"NA",NA,"English_Spanish","Argentina_Australia_Brasil_Spain_South.Africa",".",NA,NA,NA,"Cereals_grains","Maize","Cereals","Bacteria",NA,NA,NA,NA,NA,NA,"Rotation.vs.Fallow","Fallow","Cropland","mixed","Rotation","Rotation","Maize","Vetch",NA,"diversity","Chao-1",91,"Percentage_change",1,0,100,NA,NA,NA,NA,NA,"Results",NA,NA,NA,1,"Fallow"
39,"Morales.M","Review","Effect of winter cover crops on the soil microbiome: a systematic literature review","M. E. Morales; G. A. Iocoli; M. B. Villamil; M. C. Zabaloy",22,"NA",NA,"English_Spanish","Argentina_Australia_Brasil_Spain_South.Africa",".",NA,NA,NA,"Cereals_grains","Maize","Cereals","Bacteria",NA,NA,NA,NA,NA,NA,"Rotation.vs.Fallow","Fallow","Cropland","mixed","Rotation","Rotation","Maize","Wheat",NA,"biomass","Biomass",114,"Percentage_change",1,0,100,NA,NA,NA,NA,NA,"Results",NA,NA,NA,1,"Fallow"
4,"Carvalho.R","Review","Agronomic and environmental implications of sugarcane
straw removal: a major review","J. L. N. Carvalho; R. C. Nogueirol; L. M. S. Menandro; R. D. O. Bordonal; C. D. Borges; H. Cantarella; H. C. J. Franco",3,"NA",NA,"English_Portuguese",NA,NA,NA,NA,NA,"Sugar","Sugarcane","Sugar Crops","Microbes","Weeds",NA,NA,NA,NA,NA,"Straw_removal.vs.Straw_mulch","Traditional","Cropland","Conservation","Straw_mulch","Straw_mulch","Sugarcane",NA,NA,"biomass","microbial biomass nitrogen (MBN)",37,"Percentage_change",1,0,134,NA,NA,NA,NA,NA,"Page_1188","Souza et al. (2012)",NA,NA,1,"Traditional"
3,"Verret.V","Meta-Analysis","Can legume companion plants control weeds without decreasing crop yield? A meta-analysis","V. Verret; A. Gardarin; E. Pelzer; S. Mediene; D. Makowski; M. Valantin-Morison",34,"476","1984-2015",NA,"Argentina_Austria_Canada_Denmark_East.Timor_Estonia_France_Germany_Iran_Italy_Japan_Lithuania_Mexico_Nigeria_Norway_Sweeden_USA",".",".",".","Fixed_effects","Cereals_grains","Maize","Cereals","Plantae","Weed",NA,NA,NA,NA,NA,"Conventional_NonWeeded.vs.Cover_crop","Conventional_NonWeeded","Cropland","Conservation","Cover_crop","Cover_crop","Maize","No",NA,"biomass","Biomass_ratio",2,"LRR",34,0.212264151,NA,NA,NA,0.164452573,NA,NA,"Smmc3_a","Verret.V_Fig.Smmc3_a.PNG",NA,NA,34,"Conservation"
99,"Mandal.A","Review","Impact of genetically modified crops on rhizosphere microorganisms and processes: A review focusing on Bt cotton","A. Mandal; B. Sarkar; G. Owens; J. K. Thakur; M. C. Manna; N. K. Niazi; S. Jayaraman; A. K. Patra",26,"NA",NA,NA,NA,NA,NA,NA,NA,"Oils_fats","Cotton","Oil crops","Bacteria",NA,NA,NA,NA,NA,NA,"Bt.vs.Non_Bt","Non_Bt","Cropland","Transgenic","Bt","Bt","Bt_Cotton",NA,NA,"diversity","Abundance",198,"Percentage_change",1,0,100,NA,NA,NA,NA,NA,"Table_5","Yaqoob et al. (2019)",NA,NA,1,"Non_Bt"
36,"Delaquis.E","Meta-Analysis","On-farm diversity offsets environmental pressures in tropical agro-ecosystems: A synthetic review for cassava-based systems","E. Delaquis; S. de Haan; K. A. G. Wyckhuys",23,"NA","1975–2015",NA,"Africa",NA,NA,NA,"Vote_count","Roots_tubers","Cassava","Other perennial crops","Animal","Arthropoda","Insecta","Hemiptera","Pseudococcidae","Phenacoccus manihoti","Pest","Intercrop.vs.Monoculture","mixed","Cropland","Monoculture","Intercrop","Intercrop","Cassava",NA,NA,"unclassified","Pest_indicators",319,"Percentage_change",23,0.303129065450688,135.40892193,NA,NA,NA,NA,NA,"Figure_4",NA,NA,NA,23,"Conventional"
99,"Mandal.A","Review","Impact of genetically modified crops on rhizosphere microorganisms and processes: A review focusing on Bt cotton","A. Mandal; B. Sarkar; G. Owens; J. K. Thakur; M. C. Manna; N. K. Niazi; S. Jayaraman; A. K. Patra",26,"NA",NA,NA,NA,NA,NA,NA,NA,"Oils_fats","Cotton","Oil crops","Fungi",NA,NA,NA,NA,NA,NA,"Bt.vs.Non_Bt","Non_Bt","Cropland","Transgenic","Bt","Bt","Bt_Cotton",NA,NA,"diversity","Abundance",181,"Percentage_change",1,0,100,NA,NA,NA,NA,NA,"Table_5","Li et al. (2011)",NA,NA,1,"Non_Bt"
46,"Bowles.T","Meta-Analysis","Ecological intensification and arbuscular mycorrhizas: a meta-analysis of tillage and cover crop effects","T. M. Bowles; L. E. Jackson; M. Loeher; T. R. Cavagnaro",17,"93",NA,NA,"America_Asia_Europa_Oceania",".",NA,NA,"Fixed_effects","Cereals_grains","Maize","Cereals","Fungi","Mucoromycota","Glomeromycetes",NA,NA,NA,NA,"Rotation.vs.Monoculture","Monoculture","Cropland","mixed","Rotation","Rotation","Maize",NA,NA,"development","Mycorrhiza_hifa_length",120,"Percentage_change",17,0.165514438477573,118,NA,76.3980916,18.00720288,16.2,62.8,"Figure_1",NA,NA,NA,17,"Mixed"
88,"Dinardo-Miranda.L","Review","Sugarcane straw and the populations of pests and nematodes","L. L. Dinardo-Miranda; J. V. Fracasso",1,"NA",NA,NA,"Brasil","4.56938","102.26568",".",NA,"Sugar","Sugarcane","Sugar Crops","Animal","Arthropoda","Insecta","Hemiptera","Cercopidae","Mahanarva fimbriolata","Pest","Conservation","traditional","Cropland","Conservation","traditional","Straw_removal","Sugarcane",NA,NA,"diversity","Abundance",340,"Percentage_change",1,0.615185639090233,185,NA,NA,NA,NA,NA,"Page_2","Dinardo-Miranda, 2002",NA,NA,1,"Conservation"
9,"Gatehouse.A","Review","Insect-resistant biotech crops and their impacts on beneficial arthropods","A. M. R. Gatehouse; N. Ferry; M. G. Edwards; H. A. Bell",32,"NA",NA,NA,NA,NA,NA,NA,NA,"Oils_fats","Cotton","Oil crops","Animal","Arthropoda","Insecta","Neuroptera","Chrysopidae)","Chrysopa pallens","Predators","Bt","Conventional","Cropland","Transgenic","Bt","Bt","Bt_Cotton",NA,"Cry1Ac","unclassified","Effect",232,"Percentage_change",1,0,100,NA,NA,NA,NA,NA,"Table_2","Guo et al. [86]",NA,NA,1,"Transgenic"
39,"Morales.M","Review","Effect of winter cover crops on the soil microbiome: a systematic literature review","M. E. Morales; G. A. Iocoli; M. B. Villamil; M. C. Zabaloy",22,"NA",NA,"English_Spanish","Argentina_Australia_Brasil_Spain_South.Africa",".",NA,NA,NA,"Oils_fats","Soybean","Oil crops","Bacteria",NA,NA,NA,NA,NA,NA,"Rotation.vs.Fallow","Fallow","Cropland","mixed","Rotation","Rotation","Soy","Vetch",NA,"biomass","Biomass",110,"Percentage_change",1,0,100,NA,NA,NA,NA,NA,"Results",NA,NA,NA,1,"Fallow"
39,"Morales.M","Review","Effect of winter cover crops on the soil microbiome: a systematic literature review","M. E. Morales; G. A. Iocoli; M. B. Villamil; M. C. Zabaloy",22,"NA",NA,"English_Spanish","Argentina_Australia_Brasil_Spain_South.Africa",".",NA,NA,NA,"Cereals_grains","Maize","Cereals","Fungi",NA,NA,NA,NA,NA,NA,"Rotation.vs.Fallow","Fallow","Cropland","mixed","Rotation","Rotation","Maize","Vetch",NA,"diversity","Species_richness",83,"Percentage_change",1,0,100,NA,NA,NA,NA,NA,"Results",NA,NA,NA,1,"Fallow"
20,"Roy.S","Review","Soil Arthropods in Maintaining Soil Health: Thrust Areas for Sugarcane Production Systems","S. Roy; M. M. Roy; A. K. Jaiswal; A. Baitha",6,"NA",NA,NA,NA,NA,NA,NA,NA,"Sugar","Sugarcane","Sugar Crops","Animal","Arthropoda","Insecta","Coleoptera",NA,NA,NA,"Burning","Conservation","Cropland","traditional","Burning","Burning","Sugarcane",NA,NA,"diversity","Abundance",259,"Percentage_change",1,0,100,NA,NA,NA,NA,NA,"Page_7","Srikanth et al. 1997; Sajjad et al. 2012",NA,NA,1,"Conservation"
3,"Verret.V","Meta-Analysis","Can legume companion plants control weeds without decreasing crop yield? A meta-analysis","V. Verret; A. Gardarin; E. Pelzer; S. Mediene; D. Makowski; M. Valantin-Morison",34,"476","1984-2015",NA,"Argentina_Austria_Canada_Denmark_East.Timor_Estonia_France_Germany_Iran_Italy_Japan_Lithuania_Mexico_Nigeria_Norway_Sweeden_USA",".",".",".","Fixed_effects","Cereals_grains","Small_grain","Cereals","Plantae","Weed",NA,NA,NA,NA,NA,"Conventional_NonWeeded.vs.Cover_crop","Conventional_NonWeeded","Cropland","Conservation","Cover_crop","Cover_crop","Small_grain","No",NA,"biomass","Biomass_ratio",1,"LRR",34,0,NA,NA,NA,0.080220768,NA,NA,"Smmc3_a","Verret.V_Fig.Smmc3_a.PNG",NA,NA,34,"Conventional"
28,"Kropm.B","Review","Carabid beetles in sustainable agriculture: A review on pest control efficacy, cultivation impacts and enhancement","B. Kromp",8,"NA","1971-1983",NA,"Germany","51.06899285","10.19453204",NA,NA,"Cereals_grains","Wheat","Cereals","Animal","Arthropoda","Insecta","Coleoptera","Carabidae",NA,NA,"Sustainable.vs.Intensified","conventional","Cropland","Sustainable","Intensified","Intensified","Wheat",NA,NA,"unclassified","Pitfall_trap_rate",304,"Percentage_change",1,0,180,NA,NA,NA,NA,NA,NA,"Basedow (1987)",NA,NA,1,"Conventional"
99,"Mandal.A","Review","Impact of genetically modified crops on rhizosphere microorganisms and processes: A review focusing on Bt cotton","A. Mandal; B. Sarkar; G. Owens; J. K. Thakur; M. C. Manna; N. K. Niazi; S. Jayaraman; A. K. Patra",26,"NA",NA,NA,NA,NA,NA,NA,NA,"Oils_fats","Cotton","Oil crops","Microbes","Rhyzosphere_microbes",NA,NA,NA,NA,NA,"Bt.vs.Non_Bt","Non_Bt","Cropland","Transgenic","Bt","Bt","Bt_Cotton",NA,NA,"Enzymatic_activity","Acid phosphatase",167,"Percentage_change",1,0.151002873536527,116.3,NA,NA,NA,NA,NA,"Page_6","(Sarkar et al., 2009).",NA,NA,1,"Transgenic"
39,"Morales.M","Review","Effect of winter cover crops on the soil microbiome: a systematic literature review","M. E. Morales; G. A. Iocoli; M. B. Villamil; M. C. Zabaloy",22,"NA",NA,"English_Spanish","Argentina_Australia_Brasil_Spain_South.Africa",".",NA,NA,NA,"Cereals_grains","Sorghum","Cereals","Bacteria",NA,NA,NA,NA,NA,NA,"Rotation.vs.Fallow","Fallow","Cropland","mixed","Rotation","Rotation","Sorghum","Rye",NA,"biomass","Biomass",92,"Percentage_change",1,0,100,NA,NA,NA,NA,NA,"Results",NA,NA,NA,1,"Fallow"
52,"Tang.K","Review","Sustainability of oil palm plantations in Malaysia","K. H. D. Tang; H. M. S. Al Qahtani",9,"NA","2000-2019",NA,NA,NA,NA,NA,NA,"Oils_fats","Oil_palm","Oil crops","Animal","Arthropoda","Insecta",NA,NA,NA,NA,"Conventional.vs.Logged_forest","conventional","Cropland","Logged_forest","Conventional","Conventional","Oil_Palm",NA,NA,"diversity","Species_richness",328,"Percentage_change",1,0.582215619852664,179,NA,NA,NA,NA,NA,"Page_6","Koh and Wilcove 2008",NA,NA,1,"Disturbed_forest"
9,"Gatehouse.A","Review","Insect-resistant biotech crops and their impacts on beneficial arthropods","A. M. R. Gatehouse; N. Ferry; M. G. Edwards; H. A. Bell",32,"NA",NA,NA,NA,NA,NA,NA,NA,"Oils_fats","Rape_seed","Oil crops","Animal","Arthropoda","Insecta","Coleoptera","Carabidae","Pterostichus melanarius","Predators","GM","Conventional","Cropland","Transgenic","GM","GM","GM_Ol",NA,"OC1","efficiency","Weight",247,"Percentage_change",1,0,100,NA,NA,NA,NA,NA,"Table_2","Ferry et al. [101]",NA,NA,1,"Conventional"
52,"Tang.K","Review","Sustainability of oil palm plantations in Malaysia","K. H. D. Tang; H. M. S. Al Qahtani",9,"NA","2000-2019",NA,NA,NA,NA,NA,NA,"Oils_fats","Oil_palm","Oil crops","Animal","Arthropoda","Insecta",NA,NA,NA,NA,"Conventional.vs.Logged_forest","conventional","Cropland","Logged_forest","Conventional","Conventional","Oil_Palm",NA,NA,"diversity","Species_richness",328,"Percentage_change",1,0,179,NA,NA,NA,NA,NA,"Page_6","Koh and Wilcove 2008",NA,NA,1,"Conventional"
52,"Tang.K","Review","Sustainability of oil palm plantations in Malaysia","K. H. D. Tang; H. M. S. Al Qahtani",9,"NA","2000-2019",NA,"Sabah","5.42574","117.03264",NA,NA,"Oils_fats","Oil_palm","Oil crops","Animal","Arthropoda","Insecta",NA,NA,NA,NA,"Conventional.vs.Primary_forest","conventional","Cropland","Primary_forest","Conventional","Conventional","Oil_Palm",NA,NA,"diversity","Species_richness",327,"Percentage_change",1,0.60431596685333,183,NA,NA,NA,NA,NA,"Page_6","Koh and Wilcove 2008",NA,NA,1,"Primary_vegetation"
39,"Morales.M","Review","Effect of winter cover crops on the soil microbiome: a systematic literature review","M. E. Morales; G. A. Iocoli; M. B. Villamil; M. C. Zabaloy",22,"NA",NA,"English_Spanish","Argentina_Australia_Brasil_Spain_South.Africa",".",NA,NA,NA,"Oils_fats","Soybean","Oil crops","Bacteria",NA,NA,NA,NA,NA,NA,"Rotation.vs.Fallow","Fallow","Cropland","mixed","Rotation","Rotation","Soy","Oat_Turnip_Vetch",NA,"diversity","Abundance",71,"Percentage_change",1,0,100,NA,NA,NA,NA,NA,"Results",NA,NA,NA,1,"Fallow"
70,"Fargione.J","Review","The Ecological Impact of Biofuels","J. E. Fargione; R. J. Plevin; J. D. Hill",1,"NA","2009","English","South.East_Asia",NA,NA,NA,NA,"Oils_fats","Oil_palm","Oil crops","Native_palm",NA,"Commelinids","Arecales","Arecaceae",NA,NA,"Conventional","conventional","Cropland","Primary_forest","Conventional","Conventional","Oil_palm",NA,NA,"diversity","Abundance",337,"Percentage_change",1,0.693147180559945,200,NA,NA,NA,NA,NA,"Page_20","Danielsen et al. 2009).",NA,NA,1,"Primary_vegetation"
9,"Gatehouse.A","Review","Insect-resistant biotech crops and their impacts on beneficial arthropods","A. M. R. Gatehouse; N. Ferry; M. G. Edwards; H. A. Bell",32,"NA",NA,NA,NA,NA,NA,NA,NA,"Cereals_grains","Maize","Cereals","Animal","Arthropoda","Insecta","Heteroptera",NA,NA,"Predators","Bt","Conventional","Cropland","Transgenic","Bt","Bt","Bt_Maize",NA,"Cry1Ab","unclassified","Effect",225,"Percentage_change",1,0,100,NA,NA,NA,NA,NA,"Table_2","Pilcher et al. [78",NA,NA,1,"Conventional"
99,"Mandal.A","Review","Impact of genetically modified crops on rhizosphere microorganisms and processes: A review focusing on Bt cotton","A. Mandal; B. Sarkar; G. Owens; J. K. Thakur; M. C. Manna; N. K. Niazi; S. Jayaraman; A. K. Patra",26,"NA",NA,NA,NA,NA,NA,NA,NA,"Oils_fats","Cotton","Oil crops","Microbes",NA,NA,NA,NA,NA,NA,"Bt.vs.Non_Bt","Non_Bt","Cropland","Transgenic","Bt","Bt","Bt_Cotton",NA,NA,"diversity","Functional_diversity",178,"Percentage_change",1,0,100,NA,NA,NA,NA,NA,"Table_5","Kapur et al. (2010)",NA,NA,1,"Transgenic"
99,"Mandal.A","Review","Impact of genetically modified crops on rhizosphere microorganisms and processes: A review focusing on Bt cotton","A. Mandal; B. Sarkar; G. Owens; J. K. Thakur; M. C. Manna; N. K. Niazi; S. Jayaraman; A. K. Patra",26,"NA",NA,NA,NA,NA,NA,NA,NA,"Oils_fats","Cotton","Oil crops","Microbes","Rhyzosphere_microbes",NA,NA,NA,NA,NA,"Bt.vs.Non_Bt","Non_Bt","Cropland","Transgenic","Bt","Bt","Bt_Cotton",NA,NA,"Enzymatic_activity","Alkaline phosphatase",168,"Percentage_change",1,0,100,NA,NA,NA,NA,NA,"Page_6","Mina et al. (2011)",NA,NA,1,"Transgenic"
9,"Gatehouse.A","Review","Insect-resistant biotech crops and their impacts on beneficial arthropods","A. M. R. Gatehouse; N. Ferry; M. G. Edwards; H. A. Bell",32,"NA",NA,NA,NA,NA,NA,NA,NA,"Roots_tubers","Potato","Other annual crops","Animal","Arthropoda","Insecta","Hymenoptera","Brtaconidae","A. ervi","Parasitoids","GM","Conventional","Cropland","Transgenic","GM","GM","GM_Potato",NA,"GNA","unclassified","Effect",222,"Percentage_change",1,0,100,NA,NA,NA,NA,NA,"Table_1","Couty et al. [68,69",NA,NA,1,"Conventional"
9,"Gatehouse.A","Review","Insect-resistant biotech crops and their impacts on beneficial arthropods","A. M. R. Gatehouse; N. Ferry; M. G. Edwards; H. A. Bell",32,"NA",NA,NA,NA,NA,NA,NA,NA,"Oils_fats","Cotton","Oil crops","Animal","Arthropoda","Insecta","Hymenoptera","Braconidae","M. mediator","Parasitoids","Bt","Conventional","Cropland","Transgenic","Bt","Bt","Bt_Cotton",NA,"Bt","unclassified","Effect",213,"Percentage_change",1,0,100,NA,NA,NA,NA,NA,"Table_1","Liu et al. [49]",NA,NA,1,"Transgenic"
39,"Morales.M","Review","Effect of winter cover crops on the soil microbiome: a systematic literature review","M. E. Morales; G. A. Iocoli; M. B. Villamil; M. C. Zabaloy",22,"NA",NA,"English_Spanish","Argentina_Australia_Brasil_Spain_South.Africa",".",NA,NA,NA,"Cereals_grains","Maize","Cereals","Fungi",NA,NA,NA,NA,NA,NA,"Rotation.vs.Fallow","Fallow","Cropland","mixed","Rotation","Rotation","Maize","Turnip",NA,"development","Root_colonisation",87,"Percentage_change",1,0,100,NA,NA,NA,NA,NA,"Results",NA,NA,NA,1,"Fallow"
9,"Gatehouse.A","Review","Insect-resistant biotech crops and their impacts on beneficial arthropods","A. M. R. Gatehouse; N. Ferry; M. G. Edwards; H. A. Bell",32,"NA",NA,NA,NA,NA,NA,NA,NA,"Roots_tubers","Potato","Other annual crops","Animal","Arthropoda","Insecta","Hymenoptera","Braconidae","Aphidius nigripes","Parasitoids","GM","Conventional","Cropland","Transgenic","GM","GM","Gm_Potato",NA,"OC1","efficiency","Parasitism",217,"Percentage_change",1,0,100,NA,NA,NA,NA,NA,"Table_1","Ashouri et al. [64",NA,NA,1,"Conventional"
9,"Gatehouse.A","Review","Insect-resistant biotech crops and their impacts on beneficial arthropods","A. M. R. Gatehouse; N. Ferry; M. G. Edwards; H. A. Bell",32,"NA",NA,NA,NA,NA,NA,NA,NA,"Vegetable","Tomato","Other annual crops","Animal","Arthropoda","Insecta","Hymenoptera","Braconidae","Meteorus gyrator","Parasitoids","GM","Conventional","Cropland","Transgenic","GM","GM","GM_Tomato",NA,"GNA","unclassified","Effect",223,"Percentage_change",1,0,100,NA,NA,NA,NA,NA,"Table_1","Wakefield et al. [77]",NA,NA,1,"Conventional"
39,"Morales.M","Review","Effect of winter cover crops on the soil microbiome: a systematic literature review","M. E. Morales; G. A. Iocoli; M. B. Villamil; M. C. Zabaloy",22,"NA",NA,"English_Spanish","Argentina_Australia_Brasil_Spain_South.Africa",".",NA,NA,NA,"Cereals_grains","Sorghum","Cereals","Bacteria",NA,NA,NA,NA,NA,NA,"Rotation.vs.Fallow","Fallow","Cropland","mixed","Rotation","Rotation","Sorghum","Rye",NA,"diversity","Chao-1",95,"Percentage_change",1,0,100,NA,NA,NA,NA,NA,"Results",NA,NA,NA,1,"Fallow"
36,"Delaquis.E","Meta-Analysis","On-farm diversity offsets environmental pressures in tropical agro-ecosystems: A synthetic review for cassava-based systems","E. Delaquis; S. de Haan; K. A. G. Wyckhuys",23,"NA","1975–2015",NA,"Africa",NA,NA,NA,"Vote_count","Roots_tubers","Cassava","Other perennial crops","Animal","Arthropoda","Arachnida"," Acariformes","Mononychellus","Mononychellus tanajoa","Pest","Intercrop.vs.Monoculture","mixed","Cropland","Monoculture","Intercrop","Intercrop","Cassava",NA,NA,"unclassified","Pest_indicators",322,"Percentage_change",23,0.142667044476753,115.33457249,NA,NA,NA,NA,NA,"Figure_4",NA,NA,NA,23,"Conventional"
9,"Gatehouse.A","Review","Insect-resistant biotech crops and their impacts on beneficial arthropods","A. M. R. Gatehouse; N. Ferry; M. G. Edwards; H. A. Bell",32,"NA",NA,NA,NA,NA,NA,NA,NA,"Oils_fats","Cotton","Oil crops","Animal","Arthropoda","Insecta","Hymenoptera","Braconidae","M. mediator","Parasitoids","Bt","Conventional","Cropland","Transgenic","Bt","Bt","Bt_Cotton",NA,"Bt","unclassified","Effect",213,"Percentage_change",1,0,100,NA,NA,NA,NA,NA,"Table_1","Liu et al. [49]",NA,NA,1,"Conventional"
24,"Fitzherbert.E","Review","How will oil palm expansion affect
biodiversity?","Emily B. Fitzherbert1,2, Matthew J. Struebig3, Alexandra Morel4, Finn Danielsen5,
Carsten A. Bru¨ hl6, Paul F. Donald7 and Ben Phalan",11,"NA",NA,NA,NA,NA,NA,NA,NA,"Oils_fats","Oil_palm","Oil crops","Animal","Arthropoda","Insecta","Lepidoptera",NA,NA,NA,"Conventional.vs.Disturbed_forest","conventional","Cropland","Disturbed_forest","Conventional","Conventional","Oil_Palm",NA,NA,"diversity","Relative_species_richness",301,"Percentage_change",1,0.127833371189885,113.6363636,NA,NA,NA,NA,NA,"Fig_2","Chey, V.K. (2006)",NA,NA,1,"Disturbed_forest"
39,"Morales.M","Review","Effect of winter cover crops on the soil microbiome: a systematic literature review","M. E. Morales; G. A. Iocoli; M. B. Villamil; M. C. Zabaloy",22,"NA",NA,"English_Spanish","Argentina_Australia_Brasil_Spain_South.Africa",".",NA,NA,NA,"Oils_fats","Sunflower","Oil crops","Fungi",NA,NA,NA,NA,NA,NA,"Rotation.vs.Fallow","Fallow","Cropland","mixed","Rotation","Rotation","Sunflower","Barley",NA,"reproduction","Spore_number",61,"Percentage_change",1,0.262364264467491,130,NA,NA,NA,NA,NA,"Results",NA,NA,NA,1,"Mixed"
88,"Dinardo-Miranda.L","Review","Sugarcane straw and the populations of pests and nematodes","L. L. Dinardo-Miranda; J. V. Fracasso",1,"NA",NA,NA,"Brasil","4.56938","102.26568",".",NA,"Sugar","Sugarcane","Sugar Crops","Animal","Arthropoda","Insecta","Isoptera","Blatodea","Termite",NA,"Conservation","Traditional","Cropland","Conservation","Conservation","Straw_mulch","Sugarcane",NA,NA,"diversity","Abundance",133,"Percentage_change",1,0,100,NA,NA,NA,NA,NA,"Page_5","Dinardo-Miranda, 2008",NA,NA,1,"Traditional"
24,"Fitzherbert.E","Review","How will oil palm expansion affect
biodiversity?","Emily B. Fitzherbert1,2, Matthew J. Struebig3, Alexandra Morel4, Finn Danielsen5,
Carsten A. Bru¨ hl6, Paul F. Donald7 and Ben Phalan",11,"NA",NA,NA,NA,NA,NA,NA,NA,"Oils_fats","Oil_palm","Oil crops","Animal","Arthropoda","Insecta","Hymenoptera","Formicidae",NA,NA,"Conventional.vs.Primary_vegetation","conventional","Cropland","Primary_vegetation","Conventional","Conventional","Oil_Palm",NA,NA,"diversity","Relative_species_richness",288,"Percentage_change",1,0,140.4226698,NA,NA,NA,NA,NA,"Fig_2","Room, P.M. (1975)",NA,NA,1,"Conventional"
85,"Fanielsen.F","Meta-Analysis","Biofuel Plantations on Forested Lands: Double Jeopardy for Biodiversity and Climate","F. Danielsen; H. Beukema; N. D. Burgess; F. Parish; C. A. Bruhl; P. F. Donald; D. Murdiyarso; B. Phalan; L. Reijnders; M. Struebig; E. B. Fitzherbert",15,"NA","1975-2008",NA,"Dominican.Repubic_Ghana_Malasya_Papua.New.Guinea_Thailand",".",".",".",NA,"Oils_fats","Oil_palm","Oil crops","Animal","Invertebrate",NA,NA,NA,NA,NA,"Primary_vegetation.vs.Conventional","Primary_vegetation","Cropland","Conventional","Conventional","Bt","Oil_palm",NA,NA,"diversity","Species_richness",130,"Percentage_change",15,0,100,NA,NA,NA,NA,NA,"Page_354",NA,NA,NA,15,"Primary_vegetation"
9,"Gatehouse.A","Review","Insect-resistant biotech crops and their impacts on beneficial arthropods","A. M. R. Gatehouse; N. Ferry; M. G. Edwards; H. A. Bell",32,"NA",NA,NA,NA,NA,NA,NA,NA,"Roots_tubers","Potato","Other annual crops","Animal","Arthropoda","Insecta","Coleoptera",NA,NA,"Predators","Bt","Conventional","Cropland","Transgenic","Bt","Bt","Bt_Potato",NA,"Cry3Aa","diversity","Abundance",239,"Percentage_change",1,0,100,NA,NA,NA,NA,NA,"Table_2","Duan et al. [94]",NA,NA,1,"Conventional"
39,"Morales.M","Review","Effect of winter cover crops on the soil microbiome: a systematic literature review","M. E. Morales; G. A. Iocoli; M. B. Villamil; M. C. Zabaloy",22,"NA",NA,"English_Spanish","Argentina_Australia_Brasil_Spain_South.Africa",".",NA,NA,NA,"Oils_fats","Cotton","Oil crops","Bacteria",NA,NA,NA,NA,NA,NA,"Rotation.vs.Fallow","Fallow","Cropland","mixed","Rotation","Rotation","Cotton","Rye",NA,"biomass","Biomass",98,"Percentage_change",1,0,100,NA,NA,NA,NA,NA,"Results",NA,NA,NA,1,"Fallow"
36,"Delaquis.E","Meta-Analysis","On-farm diversity offsets environmental pressures in tropical agro-ecosystems: A synthetic review for cassava-based systems","E. Delaquis; S. de Haan; K. A. G. Wyckhuys",23,"NA","1975–2015",NA,"Africa",NA,NA,NA,"Vote_count","Roots_tubers","Cassava","Other perennial crops","Animal","Arthropoda","Arachnida"," Acariformes","Mononychellus","Mononychellus tanajoa","Pest","Intercrop.vs.Monoculture","Monoculture","Cropland","mixed","Intercrop","Intercrop","Cassava",NA,NA,"unclassified","Pest_indicators",54,"Percentage_change",23,0,100,NA,NA,NA,NA,NA,"Figure_4",NA,NA,NA,23,"Conventional"
97,"Hokkanen.M","Review","Developing ecostacking techniques for pollen beetle management in oilseed rape","H. M. T. Hokkanen; I. Menzler-Hokkanen",4,"NA",NA,NA,"Europe","4.56938","102.26568",".",NA,"Oils_fats","Rape_seed","Oil crops","Animal","Arthropoda","Insecta","Coleoptera","Nitidulidae","Brassicogethes 
aeneus",NA,"Biocontrol","Conventional","Cropland","ipm","Biocontrol","Entomovectoring","Rape_seed",NA,NA,"survival","Mortality",146,"Percentage_change",1,0,170,NA,NA,NA,NA,NA,"Page_4_5","Carreck et al. (2007)",NA,NA,1,"Conventional"
9,"Gatehouse.A","Review","Insect-resistant biotech crops and their impacts on beneficial arthropods","A. M. R. Gatehouse; N. Ferry; M. G. Edwards; H. A. Bell",32,"NA",NA,NA,NA,NA,NA,NA,NA,"Oils_fats","Cotton","Oil crops","Animal","Arthropoda","Insecta","Heteroptera","Anthocoridae","C. carnea","Predators","Bt","Conventional","Cropland","Transgenic","Bt","Bt","Bt_Cotton",NA,"Cry1Ac","unclassified","Effect",234,"Percentage_change",1,0,100,NA,NA,NA,NA,NA,"Table_2","Sisterson et al. [92]",NA,NA,1,"Transgenic"
20,"Roy.S","Review","Soil Arthropods in Maintaining Soil Health: Thrust Areas for Sugarcane Production Systems","S. Roy; M. M. Roy; A. K. Jaiswal; A. Baitha",6,"NA",NA,NA,"Ireland","53.41523","-7.96655",NA,NA,"Sugar","Sugarcane","Sugar Crops","Animal","Arthropoda","Insecta","Coleoptera",NA,NA,NA,"Cover_crop_Redced_tillage.vs.Tillage","Traditional","Cropland","Conservation","Cover_crop_Reduced_tillage","Cover_crop_Reduced_tillage","Sugarcane",NA,NA,"diversity","Species_richness",272,"Percentage_change",1,0,100,NA,NA,NA,NA,NA,"Page_8","Brennana et al. 2006)",NA,NA,1,"Traditional"
39,"Morales.M","Review","Effect of winter cover crops on the soil microbiome: a systematic literature review","M. E. Morales; G. A. Iocoli; M. B. Villamil; M. C. Zabaloy",22,"NA",NA,"English_Spanish","Argentina_Australia_Brasil_Spain_South.Africa",".",NA,NA,NA,"Oils_fats","Cotton","Oil crops","Bacteria",NA,NA,NA,NA,NA,NA,"Rotation.vs.Fallow","Fallow","Cropland","mixed","Rotation","Rotation","Cotton","Rye",NA,"Enzymatic_activity","Enzymatic_activity",103,"Percentage_change",1,0,100,NA,NA,NA,NA,NA,"Results",NA,NA,NA,1,"Fallow"
39,"Morales.M","Review","Effect of winter cover crops on the soil microbiome: a systematic literature review","M. E. Morales; G. A. Iocoli; M. B. Villamil; M. C. Zabaloy",22,"NA",NA,"English_Spanish","Argentina_Australia_Brasil_Spain_South.Africa",".",NA,NA,NA,"Oils_fats","Cotton","Oil crops","Bacteria",NA,NA,NA,NA,NA,NA,"Rotation.vs.Fallow","Fallow","Cropland","mixed","Rotation","Rotation","Cotton","Wheat",NA,"Enzymatic_activity","Microbial_activity",86,"Percentage_change",1,0,100,NA,NA,NA,NA,NA,"Results",NA,NA,NA,1,"Mixed"
13,"Iverson.A","Meta-Analysis","Do polycultures promote win-wins or trade-offs in
agricultural ecosystem services? A meta-analysis","Aaron L. Iverson1*, Linda E. Mar?n2, Katherine K. Ennis3, David J. Gonthier2, Benjamin T.
Connor-Barrie2, Jane L. Remfert2, Bradley J. Cardinale1,2 and Ivette Perfecto2",26,"301",NA,"English","Argentina_Brazil_Canada_Cameroon_Egypt_Ethiopia_Hawaii_India_Kenya_Mexico_Peru_Philippines_South.Africa_Uganda_USA",".",NA,NA,NA,"Cereals_grains","Maize","Cereals",NA,NA,NA,NA,NA,NA,"Natural_enemy","Polyculture.vs.Monoculture","Monoculture","Cropland","mixed","Policulture","Policulture","Maize",NA,NA,"diversity","Abundance",40,"Percentage_change",26,0,123.7,0.178,NA,NA,NA,NA,"Page_1597",NA,NA,NA,26,"Conventional"
99,"Mandal.A","Review","Impact of genetically modified crops on rhizosphere microorganisms and processes: A review focusing on Bt cotton","A. Mandal; B. Sarkar; G. Owens; J. K. Thakur; M. C. Manna; N. K. Niazi; S. Jayaraman; A. K. Patra",26,"NA",NA,NA,NA,NA,NA,NA,NA,"Oils_fats","Rape_seed","Oil crops","Microbes",NA,NA,NA,NA,NA,NA,"Bt.vs.Non_Bt","Non_Bt","Cropland","Transgenic","Bt","Bt","Bt_oilseed_Rape",NA,NA,"diversity","Community_composition",150,"Percentage_change",1,0,100,NA,NA,NA,NA,NA,"Page_5","Baumgarte and Tebbe, 2005; Griffiths et al., 2006).",NA,NA,1,"Non_Bt"
20,"Roy.S","Review","Soil Arthropods in Maintaining Soil Health: Thrust Areas for Sugarcane Production Systems","S. Roy; M. M. Roy; A. K. Jaiswal; A. Baitha",6,"NA",NA,NA,NA,NA,NA,NA,NA,"Sugar","Sugarcane","Sugar Crops","Animal","Arthropoda","Miryapoda","Chilopoda",NA,NA,NA,"Cover_crop","Monoculture","Cropland","Conservation","Litter","Litter","Sugarcane",NA,NA,"diversity","Abundance",271,"Percentage_change",1,0,100,NA,NA,NA,NA,NA,"Page_8","Mafongoya (2007) reported",NA,NA,1,"Conservation"
9,"Gatehouse.A","Review","Insect-resistant biotech crops and their impacts on beneficial arthropods","A. M. R. Gatehouse; N. Ferry; M. G. Edwards; H. A. Bell",32,"NA",NA,NA,NA,NA,NA,NA,NA,"Roots_tubers","Potato","Other annual crops","Animal","Arthropoda","Insecta","Coleoptera","Carabidae","N. brevicollis","Predators","Bt","Conventional","Cropland","Transgenic","Bt","Bt","Bt_Potato",NA,"Cry3A","unclassified","Effect",243,"Percentage_change",1,0,100,NA,NA,NA,NA,NA,"Table_2","Bell et al. [98]",NA,NA,1,"Conventional"
24,"Fitzherbert.E","Review","How will oil palm expansion affect
biodiversity?","Emily B. Fitzherbert1,2, Matthew J. Struebig3, Alexandra Morel4, Finn Danielsen5,
Carsten A. Bru¨ hl6, Paul F. Donald7 and Ben Phalan",11,"NA",NA,NA,NA,NA,NA,NA,NA,"Oils_fats","Oil_palm","Oil crops","Animal","Arthropoda","Insecta","Diptera","Culicidae",NA,NA,"Conventional.vs.Disturbed_forest","Disturbed_forest","Cropland","Conventional","Conventional","Conventional","Oil_Palm",NA,NA,"diversity","Relative_species_richness",46,"Percentage_change",1,0,101.1363636,NA,NA,NA,NA,NA,"Fig_2","Chang, M.S. et al. (1997)",NA,NA,1,"Disturbed_forest"
13,"Iverson.A","Meta-Analysis","Do polycultures promote win-wins or trade-offs in
agricultural ecosystem services? A meta-analysis","Aaron L. Iverson1*, Linda E. Mar?n2, Katherine K. Ennis3, David J. Gonthier2, Benjamin T.
Connor-Barrie2, Jane L. Remfert2, Bradley J. Cardinale1,2 and Ivette Perfecto2",26,"301",NA,"English","Argentina_Brazil_Canada_Cameroon_Egypt_Ethiopia_Hawaii_India_Kenya_Mexico_Peru_Philippines_South.Africa_Uganda_USA",".",NA,NA,NA,"Legumes","Legume","Other annual crops",NA,NA,NA,NA,NA,NA,"Pest","Polyculture.vs.Monoculture","Monoculture","Cropland","mixed","Policulture","Policulture","Legume",NA,NA,"diversity","Abundance",43,"Percentage_change",26,0,102,-0.88,NA,NA,NA,NA,"Page_1597",NA,NA,NA,26,"Conventional"
99,"Mandal.A","Review","Impact of genetically modified crops on rhizosphere microorganisms and processes: A review focusing on Bt cotton","A. Mandal; B. Sarkar; G. Owens; J. K. Thakur; M. C. Manna; N. K. Niazi; S. Jayaraman; A. K. Patra",26,"NA",NA,NA,NA,NA,NA,NA,NA,"Oils_fats","Cotton","Oil crops","Bacteria",NA,NA,NA,NA,NA,NA,"Bt.vs.Non_Bt","Non_Bt","Cropland","Transgenic","Bt","Bt","Bt_Cotton",NA,NA,"diversity","Abundance",180,"Percentage_change",1,0,100,NA,NA,NA,NA,NA,"Table_5","Li et al. (2011)",NA,NA,1,"Non_Bt"
20,"Roy.S","Review","Soil Arthropods in Maintaining Soil Health: Thrust Areas for Sugarcane Production Systems","S. Roy; M. M. Roy; A. K. Jaiswal; A. Baitha",6,"NA",NA,NA,NA,NA,NA,NA,NA,"Sugar","Sugarcane","Sugar Crops","Animal","Arthropoda","Araneae",NA,NA,NA,NA,"Cover_crop","Monoculture","Cropland","Conservation","Fast_decomposing_legume_litter","Fast_decomposing_legume_litter","Sugarcane",NA,NA,"diversity","Abundance",270,"Percentage_change",1,0,100,NA,NA,NA,NA,NA,"Page_8","Mafongoya (2007) reported",NA,NA,1,"Conventional"
99,"Mandal.A","Review","Impact of genetically modified crops on rhizosphere microorganisms and processes: A review focusing on Bt cotton","A. Mandal; B. Sarkar; G. Owens; J. K. Thakur; M. C. Manna; N. K. Niazi; S. Jayaraman; A. K. Patra",26,"NA",NA,NA,NA,NA,NA,NA,NA,"Oils_fats","Cotton","Oil crops","Microbes",NA,NA,NA,NA,NA,NA,"Bt.vs.Non_Bt","Non_Bt","Cropland","Transgenic","Bt","Bt","Bt_Cotton",NA,NA,"diversity","Diversity",183,"Percentage_change",1,0,100,NA,NA,NA,NA,NA,"Table_5","Tarafdar et al. (2012)",NA,NA,1,"Non_Bt"
3,"Verret.V","Meta-Analysis","Can legume companion plants control weeds without decreasing crop yield? A meta-analysis","V. Verret; A. Gardarin; E. Pelzer; S. Mediene; D. Makowski; M. Valantin-Morison",34,"476","1984-2015",NA,"Argentina_Austria_Canada_Denmark_East.Timor_Estonia_France_Germany_Iran_Italy_Japan_Lithuania_Mexico_Nigeria_Norway_Sweeden_USA",".",".",".","Fixed_effects","Cereals_grains","Straw_cereals","Cereals","Plantae","Weed",NA,NA,NA,NA,NA,"Conventional_Weeded.vs.Cover_crop","Conventional_Weeded","Cropland","Conservation","Cover_crop","Cover_crop","Straw","No",NA,"biomass","Biomass_ratio",22,"LRR",34,0,NA,NA,NA,0.237806987,NA,NA,"Fig.4_b","Verret.V_Fig-4_b.PNG",NA,NA,34,"Conventional"
3,"Verret.V","Meta-Analysis","Can legume companion plants control weeds without decreasing crop yield? A meta-analysis","V. Verret; A. Gardarin; E. Pelzer; S. Mediene; D. Makowski; M. Valantin-Morison",34,"476","1984-2015",NA,"Argentina_Austria_Canada_Denmark_East.Timor_Estonia_France_Germany_Iran_Italy_Japan_Lithuania_Mexico_Nigeria_Norway_Sweeden_USA",".",".",".","Fixed_effects","Cereals_grains","Maize","Cereals","Plantae","Weed",NA,NA,NA,NA,NA,"Conventional_Weeded.vs.Cover_crop","Conventional_Weeded","Cropland","Conservation","Cover_crop","Cover_crop","Maize","Living_mulch",NA,"biomass","Biomass_ratio",13,"LRR",34,0,NA,NA,NA,0.115403304,NA,NA,"Smmc3_b","Verret.V_Fig.Smmc3_b.PNG",NA,NA,34,"Conventional"
99,"Mandal.A","Review","Impact of genetically modified crops on rhizosphere microorganisms and processes: A review focusing on Bt cotton","A. Mandal; B. Sarkar; G. Owens; J. K. Thakur; M. C. Manna; N. K. Niazi; S. Jayaraman; A. K. Patra",26,"NA",NA,NA,NA,NA,NA,NA,NA,"Oils_fats","Cotton","Oil crops","Microbes","Rhyzosphere_microbes",NA,NA,NA,NA,NA,"Bt.vs.Non_Bt","Non_Bt","Cropland","Transgenic","Bt","Bt","Bt_Cotton",NA,NA,"biomass","microbial biomass phosphorus (MBP)",161,"Percentage_change",1,0,204,NA,NA,NA,NA,NA,"Page_6","(Sarkar et al., 2009).",NA,NA,1,"Non_Bt"
3,"Verret.V","Meta-Analysis","Can legume companion plants control weeds without decreasing crop yield? A meta-analysis","V. Verret; A. Gardarin; E. Pelzer; S. Mediene; D. Makowski; M. Valantin-Morison",34,"476","1984-2015",NA,"Argentina_Austria_Canada_Denmark_East.Timor_Estonia_France_Germany_Iran_Italy_Japan_Lithuania_Mexico_Nigeria_Norway_Sweeden_USA",".",".",".","Fixed_effects","Cereals_grains","Maize","Cereals","Plantae","Weed",NA,NA,NA,NA,NA,"Conventional_NonWeeded.vs.Cover_crop","Conventional_NonWeeded","Cropland","Conservation","Cover_crop","Cover_crop","Maize","Living_mulch",NA,"biomass","Biomass_ratio",6,"LRR",34,2.586477987,NA,NA,NA,1.267488127,NA,NA,"Smmc3_a","Verret.V_Fig.Smmc3_a.PNG",NA,NA,34,"Conservation"
9,"Gatehouse.A","Review","Insect-resistant biotech crops and their impacts on beneficial arthropods","A. M. R. Gatehouse; N. Ferry; M. G. Edwards; H. A. Bell",32,"NA",NA,NA,NA,NA,NA,NA,NA,"Roots_tubers","Potato","Other annual crops","Animal","Arthropoda","Insecta","Coleoptera","Carabidae","Nebria brevicollis",NA,"Conventional.vs.GM","Conventional","Cropland","Transgenic","Bt","Bt","Bt_Potato",NA,"Bt","survival","Survival",201,"Percentage_change",1,0,100,NA,NA,NA,NA,NA,"Page_9","Ferry, N., Mulligan, E. A., Majerus, M. E. N. & Gatehouse,
A. M. R. 2007 Bitrophic and tritrophic effects of
Bt Cry3A transgenic potato on beneficial, non-target,
beetles. Transgenic Res. 16, 795–812. (doi:10.1007/
s11248-007-9088-9)",NA,NA,1,"Transgenic"
36,"Delaquis.E","Meta-Analysis","On-farm diversity offsets environmental pressures in tropical agro-ecosystems: A synthetic review for cassava-based systems","E. Delaquis; S. de Haan; K. A. G. Wyckhuys",23,"NA","1975–2015",NA,"Africa",NA,NA,NA,"Vote_count","Roots_tubers","Cassava","Other perennial crops","Animal","Arthropoda","Insecta","Hemiptera","Pseudococcidae","Phenacoccus manihoti","Pest","Intercrop.vs.Monoculture","Monoculture","Cropland","mixed","Intercrop","Intercrop","Cassava",NA,NA,"unclassified","Pest_indicators",53,"Percentage_change",23,0.49772908482219,164.49814126,NA,NA,NA,NA,NA,"Figure_4",NA,NA,NA,23,"Mixed"
13,"Iverson.A","Meta-Analysis","Do polycultures promote win-wins or trade-offs in
agricultural ecosystem services? A meta-analysis","Aaron L. Iverson1*, Linda E. Mar?n2, Katherine K. Ennis3, David J. Gonthier2, Benjamin T.
Connor-Barrie2, Jane L. Remfert2, Bradley J. Cardinale1,2 and Ivette Perfecto2",26,"301",NA,"English","Argentina_Brazil_Canada_Cameroon_Egypt_Ethiopia_Hawaii_India_Kenya_Mexico_Peru_Philippines_South.Africa_Uganda_USA",".",NA,NA,NA,"Cereals_grains","Maize","Cereals",NA,NA,NA,NA,NA,NA,"Pest","Polyculture.vs.Monoculture","mixed","Cropland","Monoculture","Policulture","Policulture","Maize",NA,NA,"diversity","Abundance",277,"Percentage_change",26,0,123.7,-0.178,NA,NA,NA,NA,"Page_1597",NA,NA,NA,26,"Mixed"
39,"Morales.M","Review","Effect of winter cover crops on the soil microbiome: a systematic literature review","M. E. Morales; G. A. Iocoli; M. B. Villamil; M. C. Zabaloy",22,"NA",NA,"English_Spanish","Argentina_Australia_Brasil_Spain_South.Africa",".",NA,NA,NA,"Oils_fats","Sunflower","Oil crops","Bacteria",NA,NA,NA,NA,NA,NA,"Rotation.vs.Fallow","Fallow","Cropland","mixed","Rotation","Rotation","Sunflower","Maize",NA,"Enzymatic_activity","Enzymatic_activity",62,"Percentage_change",1,0.693147180559945,200,NA,NA,NA,NA,NA,"Results",NA,NA,NA,1,"Mixed"
39,"Morales.M","Review","Effect of winter cover crops on the soil microbiome: a systematic literature review","M. E. Morales; G. A. Iocoli; M. B. Villamil; M. C. Zabaloy",22,"NA",NA,"English_Spanish","Argentina_Australia_Brasil_Spain_South.Africa",".",NA,NA,NA,"Cereals_grains","Maize","Cereals","Fungi",NA,NA,NA,NA,NA,NA,"Rotation.vs.Fallow","Fallow","Cropland","mixed","Rotation","Rotation","Maize","Vetch",NA,"diversity","Diversity",84,"Percentage_change",1,0,100,NA,NA,NA,NA,NA,"Results",NA,NA,NA,1,"Mixed"
39,"Morales.M","Review","Effect of winter cover crops on the soil microbiome: a systematic literature review","M. E. Morales; G. A. Iocoli; M. B. Villamil; M. C. Zabaloy",22,"NA",NA,"English_Spanish","Argentina_Australia_Brasil_Spain_South.Africa",".",NA,NA,NA,"Cereals_grains","Maize","Cereals","Bacteria",NA,NA,NA,NA,NA,NA,"Rotation.vs.Fallow","Fallow","Cropland","mixed","Rotation","Rotation","Maize","Wheat",NA,"biomass","Biomass",114,"Percentage_change",1,0,100,NA,NA,NA,NA,NA,"Results",NA,NA,NA,1,"Mixed"
99,"Mandal.A","Review","Impact of genetically modified crops on rhizosphere microorganisms and processes: A review focusing on Bt cotton","A. Mandal; B. Sarkar; G. Owens; J. K. Thakur; M. C. Manna; N. K. Niazi; S. Jayaraman; A. K. Patra",26,"NA",NA,NA,NA,NA,NA,NA,NA,"Oils_fats","Cotton","Oil crops","Bacteria",NA,NA,NA,NA,NA,NA,"Bt.vs.Non_Bt","Non_Bt","Cropland","Transgenic","Bt","Bt","Bt_Cotton",NA,NA,"diversity","Abundance",180,"Percentage_change",1,0,100,NA,NA,NA,NA,NA,"Table_5","Li et al. (2011)",NA,NA,1,"Transgenic"
9,"Gatehouse.A","Review","Insect-resistant biotech crops and their impacts on beneficial arthropods","A. M. R. Gatehouse; N. Ferry; M. G. Edwards; H. A. Bell",32,"NA",NA,NA,NA,NA,NA,NA,NA,"Oils_fats","Rape_seed","Oil crops","Animal","Arthropoda","Insecta","Coleoptera","Carabidae","Pterostichus melanarius","Predators","GM","Conventional","Cropland","Transgenic","GM","GM","GM_Ol",NA,"OC1","survival","Mortality",246,"Percentage_change",1,0,100,NA,NA,NA,NA,NA,"Table_2","Ferry et al. [101]",NA,NA,1,"Transgenic"
39,"Morales.M","Review","Effect of winter cover crops on the soil microbiome: a systematic literature review","M. E. Morales; G. A. Iocoli; M. B. Villamil; M. C. Zabaloy",22,"NA",NA,"English_Spanish","Argentina_Australia_Brasil_Spain_South.Africa",".",NA,NA,NA,"Oils_fats","Soybean","Oil crops","Bacteria",NA,NA,NA,NA,NA,NA,"Rotation.vs.Fallow","Fallow","Cropland","mixed","Rotation","Rotation","Soy","Oat",NA,"biomass","Biomass",105,"Percentage_change",1,0,100,NA,NA,NA,NA,NA,"Results",NA,NA,NA,1,"Fallow"
39,"Morales.M","Review","Effect of winter cover crops on the soil microbiome: a systematic literature review","M. E. Morales; G. A. Iocoli; M. B. Villamil; M. C. Zabaloy",22,"NA",NA,"English_Spanish","Argentina_Australia_Brasil_Spain_South.Africa",".",NA,NA,NA,"Oils_fats","Cotton","Oil crops","Mycorrhizal_fungi",NA,NA,NA,NA,NA,NA,"Rotation.vs.Fallow","Fallow","Cropland","mixed","Rotation","Rotation","Cotton","Rye",NA,"development","Mycorrhiza_hifa_length",68,"Percentage_change",1,0,140,NA,NA,NA,NA,NA,"Results",NA,NA,NA,1,"Fallow"
4,"Carvalho.R","Review","Agronomic and environmental implications of sugarcane
straw removal: a major review","J. L. N. Carvalho; R. C. Nogueirol; L. M. S. Menandro; R. D. O. Bordonal; C. D. Borges; H. Cantarella; H. C. J. Franco",3,"NA",NA,"English_Portuguese",NA,NA,NA,NA,NA,"Sugar","Sugarcane","Sugar Crops","Microbes",NA,NA,NA,NA,NA,NA,"Straw_removal.vs.Straw_mulch","Traditional","Cropland","Conservation","Straw_mulch","Straw_mulch","Sugarcane",NA,NA,"biomass","microbial biomass carbon (MBC)",36,"Percentage_change",1,0.703097511413113,202,NA,NA,NA,NA,NA,"Page_1188","Souza et al. (2012)",NA,NA,1,"Conservation"
4,"Carvalho.R","Review","Agronomic and environmental implications of sugarcane
straw removal: a major review","J. L. N. Carvalho; R. C. Nogueirol; L. M. S. Menandro; R. D. O. Bordonal; C. D. Borges; H. Cantarella; H. C. J. Franco",3,"NA",NA,"English_Portuguese",NA,NA,NA,NA,NA,"Sugar","Sugarcane","Sugar Crops","Microbes",NA,NA,NA,NA,NA,NA,"Straw_removal.vs.Straw_mulch","Traditional","Cropland","Conservation","Straw_mulch","Straw_mulch","Sugarcane",NA,NA,"biomass","microbial biomass carbon (MBC)",36,"Percentage_change",1,0,202,NA,NA,NA,NA,NA,"Page_1188","Souza et al. (2012)",NA,NA,1,"Traditional"
9,"Gatehouse.A","Review","Insect-resistant biotech crops and their impacts on beneficial arthropods","A. M. R. Gatehouse; N. Ferry; M. G. Edwards; H. A. Bell",32,"NA",NA,NA,NA,NA,NA,NA,NA,"Oils_fats","Rape_seed","Oil crops","Animal","Arthropoda","Insecta","Lepidoptera","Plutellidae","Plutella xylostella","Pest","GM","Conventional","Cropland","Transgenic","GM","GM","GM_Oilseed_rape",NA,"OC1","development","Development",205,"Percentage_change",1,0,100,NA,NA,NA,NA,NA,"Page_9","Gatehouse, A. , et al.(2011)",NA,NA,1,"Conventional"
36,"Delaquis.E","Meta-Analysis","On-farm diversity offsets environmental pressures in tropical agro-ecosystems: A synthetic review for cassava-based systems","E. Delaquis; S. de Haan; K. A. G. Wyckhuys",23,"NA","1975–2015",NA,"Africa",NA,NA,NA,"Vote_count","Roots_tubers","Cassava","Other perennial crops","Animal","Arthropoda","Insecta","Hemiptera","Aleyrodidae","Bermisia tabaci","Pest","Intercrop.vs.Monoculture","mixed","Cropland","Monoculture","Intercrop","Intercrop","Cassava",NA,NA,"unclassified","Pest_indicators",315,"Percentage_change",23,0,158.92193309,NA,NA,NA,NA,NA,"Figure_4",NA,NA,NA,23,"Mixed"
20,"Roy.S","Review","Soil Arthropods in Maintaining Soil Health: Thrust Areas for Sugarcane Production Systems","S. Roy; M. M. Roy; A. K. Jaiswal; A. Baitha",6,"NA",NA,NA,NA,NA,NA,NA,NA,"Sugar","Sugarcane","Sugar Crops","Animal","Arthropoda","Insecta","Othoptera",NA,NA,NA,"Burning","Conservation","Cropland","traditional","Burning","Burning","Sugarcane",NA,NA,"diversity","Diversity",261,"Percentage_change",1,0,100,NA,NA,NA,NA,NA,"Page_7","Srikanth et al. 1997; Sajjad et al. 2012",NA,NA,1,"Conservation"
3,"Verret.V","Meta-Analysis","Can legume companion plants control weeds without decreasing crop yield? A meta-analysis","V. Verret; A. Gardarin; E. Pelzer; S. Mediene; D. Makowski; M. Valantin-Morison",34,"476","1984-2015",NA,"Argentina_Austria_Canada_Denmark_East.Timor_Estonia_France_Germany_Iran_Italy_Japan_Lithuania_Mexico_Nigeria_Norway_Sweeden_USA",".",".",".","Fixed_effects","Cereals_grains","Small_grain","Cereals","Plantae","Weed",NA,NA,NA,NA,NA,"Conventional_NonWeeded.vs.Cover_crop","Conventional_NonWeeded","Cropland","Conservation","Cover_crop","Cover_crop","Small_grain","No",NA,"biomass","Biomass_ratio",1,"LRR",34,0.432389937,NA,NA,NA,0.080220768,NA,NA,"Smmc3_a","Verret.V_Fig.Smmc3_a.PNG",NA,NA,34,"Conservation"
99,"Mandal.A","Review","Impact of genetically modified crops on rhizosphere microorganisms and processes: A review focusing on Bt cotton","A. Mandal; B. Sarkar; G. Owens; J. K. Thakur; M. C. Manna; N. K. Niazi; S. Jayaraman; A. K. Patra",26,"NA",NA,NA,NA,NA,NA,NA,NA,"Oils_fats","Cotton","Oil crops","Bacteria","Actinomycetes",NA,NA,NA,NA,NA,"Bt.vs.Non_Bt","Non_Bt","Cropland","Transgenic","Bt","Bt","Bt_Cotton",NA,NA,"diversity","Abundance",187,"Percentage_change",1,0,100,NA,NA,NA,NA,NA,"Table_5","Hu et al. (2013)",NA,NA,1,"Non_Bt"
20,"Roy.S","Review","Soil Arthropods in Maintaining Soil Health: Thrust Areas for Sugarcane Production Systems","S. Roy; M. M. Roy; A. K. Jaiswal; A. Baitha",6,"NA",NA,NA,NA,NA,NA,NA,NA,"Sugar","Sugarcane","Sugar Crops","Animal","Arthropoda","Edaphic_arthropods",NA,NA,NA,"Predators","Organic.vs.Conventional","Conventional","Cropland","Organic","Organic","Organic","Sugarcane",NA,NA,"diversity","Abundance",269,"Percentage_change",1,0,166.8,NA,NA,NA,NA,NA,"Page_8","Santos et al. 2017",NA,NA,1,"Conventional"
13,"Iverson.A","Meta-Analysis","Do polycultures promote win-wins or trade-offs in
agricultural ecosystem services? A meta-analysis","Aaron L. Iverson1*, Linda E. Mar?n2, Katherine K. Ennis3, David J. Gonthier2, Benjamin T.
Connor-Barrie2, Jane L. Remfert2, Bradley J. Cardinale1,2 and Ivette Perfecto2",26,"301",NA,"English","Argentina_Brazil_Canada_Cameroon_Egypt_Ethiopia_Hawaii_India_Kenya_Mexico_Peru_Philippines_South.Africa_Uganda_USA",".",NA,NA,NA,"Legumes","Legume","Other annual crops",NA,NA,NA,NA,NA,NA,"Natural_enemy","Polyculture.vs.Monoculture","mixed","Cropland","Monoculture","Policulture","Policulture","Legume",NA,NA,"diversity","Abundance",276,"Percentage_change",26,0,102,0.88,NA,NA,NA,NA,"Page_1597",NA,NA,NA,26,"Mixed"
9,"Gatehouse.A","Review","Insect-resistant biotech crops and their impacts on beneficial arthropods","A. M. R. Gatehouse; N. Ferry; M. G. Edwards; H. A. Bell",32,"NA",NA,NA,NA,NA,NA,NA,NA,"Cereals_grains","Maize","Cereals","Animal","Arthropoda","Insecta","Carabidae",NA,NA,"Predators","Bt","Conventional","Cropland","Transgenic","Bt","Bt","Bt_Maize",NA,"Cry3Bb1","unclassified","Effect",227,"Percentage_change",1,0,100,NA,NA,NA,NA,NA,"Table_2","Bhatti et al. [79",NA,NA,1,"Conventional"
36,"Delaquis.E","Meta-Analysis","On-farm diversity offsets environmental pressures in tropical agro-ecosystems: A synthetic review for cassava-based systems","E. Delaquis; S. de Haan; K. A. G. Wyckhuys",23,"NA","1975–2015",NA,"Africa",NA,NA,NA,"Vote_count","Roots_tubers","Cassava","Other perennial crops","Animal","Arthropoda","Insecta","Hemiptera","Pseudococcidae","Phenacoccus manihoti","Pest","Intercrop.vs.Monoculture","mixed","Cropland","Monoculture","Intercrop","Intercrop","Cassava",NA,NA,"unclassified","Pest_indicators",318,"Percentage_change",23,0,179.18215613,NA,NA,NA,NA,NA,"Figure_4",NA,NA,NA,23,"Mixed"
39,"Morales.M","Review","Effect of winter cover crops on the soil microbiome: a systematic literature review","M. E. Morales; G. A. Iocoli; M. B. Villamil; M. C. Zabaloy",22,"NA",NA,"English_Spanish","Argentina_Australia_Brasil_Spain_South.Africa",".",NA,NA,NA,"Oils_fats","Sunflower","Oil crops","Fungi",NA,NA,NA,NA,NA,NA,"Rotation.vs.Fallow","Fallow","Cropland","mixed","Rotation","Rotation","Sunflower","Vetch",NA,"reproduction","Spore_number",66,"Percentage_change",1,0,100,NA,NA,NA,NA,NA,"Results",NA,NA,NA,1,"Mixed"
9,"Gatehouse.A","Review","Insect-resistant biotech crops and their impacts on beneficial arthropods","A. M. R. Gatehouse; N. Ferry; M. G. Edwards; H. A. Bell",32,"NA",NA,NA,NA,NA,NA,NA,NA,"Roots_tubers","Potato","Other annual crops","Animal","Arthropoda","Insecta","Coleoptera","Coccinellidae","Hippodamia convergens","Predators","Bt","Conventional","Cropland","Transgenic","Bt","Bt","Bt_Potato",NA,"Cry3","development","Development time",240,"Percentage_change",1,0,100,NA,NA,NA,NA,NA,"Table_2","Dogan et al. [95]",NA,NA,1,"Conventional"
13,"Iverson.A","Meta-Analysis","Do polycultures promote win-wins or trade-offs in
agricultural ecosystem services? A meta-analysis","Aaron L. Iverson1*, Linda E. Mar?n2, Katherine K. Ennis3, David J. Gonthier2, Benjamin T.
Connor-Barrie2, Jane L. Remfert2, Bradley J. Cardinale1,2 and Ivette Perfecto2",26,"301",NA,"English","Argentina_Brazil_Canada_Cameroon_Egypt_Ethiopia_Hawaii_India_Kenya_Mexico_Peru_Philippines_South.Africa_Uganda_USA",".",NA,NA,NA,"Cereals_grains","Maize","Cereals",NA,NA,NA,NA,NA,NA,"Natural_enemy","Polyculture.vs.Monoculture","Monoculture","Cropland","mixed","Policulture","Policulture","Maize",NA,NA,"diversity","Abundance",40,"Percentage_change",26,0.212689093410351,123.7,0.178,NA,NA,NA,NA,"Page_1597",NA,NA,NA,26,"Mixed"
39,"Morales.M","Review","Effect of winter cover crops on the soil microbiome: a systematic literature review","M. E. Morales; G. A. Iocoli; M. B. Villamil; M. C. Zabaloy",22,"NA",NA,"English_Spanish","Argentina_Australia_Brasil_Spain_South.Africa",".",NA,NA,NA,"Cereals_grains","Maize","Cereals","Bacteria",NA,NA,NA,NA,NA,NA,"Rotation.vs.Fallow","Fallow","Cropland","mixed","Rotation","Rotation","Maize","Vetch",NA,"Enzymatic_activity","Enzymatic_activity",79,"Percentage_change",1,0,100,NA,NA,NA,NA,NA,"Results",NA,NA,NA,1,"Mixed"
99,"Mandal.A","Review","Impact of genetically modified crops on rhizosphere microorganisms and processes: A review focusing on Bt cotton","A. Mandal; B. Sarkar; G. Owens; J. K. Thakur; M. C. Manna; N. K. Niazi; S. Jayaraman; A. K. Patra",26,"NA",NA,NA,NA,NA,NA,NA,NA,"Oils_fats","Cotton","Oil crops","Microbes","Rhyzosphere_microbes",NA,NA,NA,NA,NA,"Bt.vs.Non_Bt","Non_Bt","Cropland","Transgenic","Bt","Bt","Bt_Cotton",NA,NA,"Enzymatic_activity","Alkaline phosphatase",166,"Percentage_change",1,0,124.1,NA,NA,NA,NA,NA,"Page_6","(Sarkar et al., 2009).",NA,NA,1,"Non_Bt"
39,"Morales.M","Review","Effect of winter cover crops on the soil microbiome: a systematic literature review","M. E. Morales; G. A. Iocoli; M. B. Villamil; M. C. Zabaloy",22,"NA",NA,"English_Spanish","Argentina_Australia_Brasil_Spain_South.Africa",".",NA,NA,NA,"Cereals_grains","Maize","Cereals","Bacteria",NA,NA,NA,NA,NA,NA,"Rotation.vs.Fallow","Fallow","Cropland","mixed","Rotation","Rotation","Maize","Vetch",NA,"diversity","Simpson",90,"Percentage_change",1,0,100,NA,NA,NA,NA,NA,"Results",NA,NA,NA,1,"Fallow"
36,"Delaquis.E","Meta-Analysis","On-farm diversity offsets environmental pressures in tropical agro-ecosystems: A synthetic review for cassava-based systems","E. Delaquis; S. de Haan; K. A. G. Wyckhuys",23,"NA","1975–2015",NA,"Americas",NA,NA,NA,"Vote_count","Roots_tubers","Cassava","Other perennial crops","Animal","Arthropoda","Insecta","Hemiptera","Aleyrodidae","Trialeurodes variabilis","Pest","Intercrop.vs.Monoculture","mixed","Cropland","Monoculture","Intercrop","Intercrop","Cassava",NA,NA,"unclassified","Pest_indicators",314,"Percentage_change",23,0.279516857353225,132.24907063,NA,NA,NA,NA,NA,"Figure_4",NA,NA,NA,23,"Conventional"
36,"Delaquis.E","Meta-Analysis","On-farm diversity offsets environmental pressures in tropical agro-ecosystems: A synthetic review for cassava-based systems","E. Delaquis; S. de Haan; K. A. G. Wyckhuys",23,"NA","1975–2015",NA,"Americas",NA,NA,NA,"Vote_count","Roots_tubers","Cassava","Other perennial crops","Animal","Arthropoda","Insecta","Hemiptera","Aleyrodidae","Aleurotrachelus socialis","Pest","Intercrop.vs.Monoculture","Monoculture","Cropland","mixed","Intercrop","Intercrop","Cassava",NA,NA,"unclassified","Pest_indicators",48,"Percentage_change",23,0,100,NA,NA,NA,NA,NA,"Figure_4",NA,NA,NA,23,"Conventional"
99,"Mandal.A","Review","Impact of genetically modified crops on rhizosphere microorganisms and processes: A review focusing on Bt cotton","A. Mandal; B. Sarkar; G. Owens; J. K. Thakur; M. C. Manna; N. K. Niazi; S. Jayaraman; A. K. Patra",26,"NA",NA,NA,NA,NA,NA,NA,NA,"Oils_fats","Cotton","Oil crops","Bacteria",NA,NA,NA,NA,NA,NA,"Bt.vs.Non_Bt","Non_Bt","Cropland","Transgenic","Bt","Bt","Bt_Cotton",NA,NA,"diversity","Abundance",186,"Percentage_change",1,0,100,NA,NA,NA,NA,NA,"Table_5","Hu et al. (2013)",NA,NA,1,"Transgenic"
20,"Roy.S","Review","Soil Arthropods in Maintaining Soil Health: Thrust Areas for Sugarcane Production Systems","S. Roy; M. M. Roy; A. K. Jaiswal; A. Baitha",6,"NA",NA,NA,NA,NA,NA,NA,NA,"Sugar","Sugarcane","Sugar Crops","Animal","Arthropoda","Insecta","Coleoptera",NA,NA,NA,"Burning","Conservation","Cropland","traditional","Burning","Burning","Sugarcane",NA,NA,"diversity","Diversity",264,"Percentage_change",1,0,100,NA,NA,NA,NA,NA,"Page_7","Srikanth et al. 1997; Sajjad et al. 2012",NA,NA,1,"Traditional"
99,"Mandal.A","Review","Impact of genetically modified crops on rhizosphere microorganisms and processes: A review focusing on Bt cotton","A. Mandal; B. Sarkar; G. Owens; J. K. Thakur; M. C. Manna; N. K. Niazi; S. Jayaraman; A. K. Patra",26,"NA",NA,NA,NA,NA,NA,NA,NA,"Oils_fats","Sunflower","Oil crops","Plantae","Sunflower","Magnoliopsida","Asterales","Asteraceae","Helianthus annuus L.",NA,"Bt.vs.Non_Bt","Non_Bt","Cropland","Transgenic","Bt","Bt","Bt_Sunflower",NA,NA,"reproduction","Seeds",147,"Percentage_change",1,0.405465108108164,150,NA,NA,NA,NA,NA,"Page_4","Lottmann et al., 1999).",NA,NA,1,"Transgenic"
39,"Morales.M","Review","Effect of winter cover crops on the soil microbiome: a systematic literature review","M. E. Morales; G. A. Iocoli; M. B. Villamil; M. C. Zabaloy",22,"NA",NA,"English_Spanish","Argentina_Australia_Brasil_Spain_South.Africa",".",NA,NA,NA,"Cereals_grains","Maize","Cereals","Fungi",NA,NA,NA,NA,NA,NA,"Rotation.vs.Fallow","Fallow","Cropland","mixed","Rotation","Rotation","Maize","Turnip",NA,"development","Root_colonisation",87,"Percentage_change",1,0,100,NA,NA,NA,NA,NA,"Results",NA,NA,NA,1,"Mixed"
3,"Verret.V","Meta-Analysis","Can legume companion plants control weeds without decreasing crop yield? A meta-analysis","V. Verret; A. Gardarin; E. Pelzer; S. Mediene; D. Makowski; M. Valantin-Morison",34,"476","1984-2015",NA,"Argentina_Austria_Canada_Denmark_East.Timor_Estonia_France_Germany_Iran_Italy_Japan_Lithuania_Mexico_Nigeria_Norway_Sweeden_USA",".",".",".","Fixed_effects","Cereals_grains","Straw_cereals","Cereals","Plantae","Weed",NA,NA,NA,NA,NA,"Conventional_NonWeeded.vs.Cover_crop","Conventional_NonWeeded","Cropland","Conservation","Cover_crop","Cover_crop","Straw","No",NA,"diversity","Density_ratio",15,"LRR",34,0.652741514,NA,NA,NA,0.126551926,NA,NA,"Smmc8_a","Verret.V_Fig.Smmc8_a.PNG",NA,NA,34,"Conservation"
39,"Morales.M","Review","Effect of winter cover crops on the soil microbiome: a systematic literature review","M. E. Morales; G. A. Iocoli; M. B. Villamil; M. C. Zabaloy",22,"NA",NA,"English_Spanish","Argentina_Australia_Brasil_Spain_South.Africa",".",NA,NA,NA,"Cereals_grains","Maize","Cereals","Fungi",NA,NA,NA,NA,NA,NA,"Rotation.vs.Fallow","Fallow","Cropland","mixed","Rotation","Rotation","Maize","Vetch",NA,"diversity","Diversity",84,"Percentage_change",1,0,100,NA,NA,NA,NA,NA,"Results",NA,NA,NA,1,"Fallow"
